優先度,ファミリー,SHA-256,版,状態,観測日,未解決種別,blocker,ケースパス,根拠ファイル
P0,purehvnc,a4a0b87c94132e0433ae48e2151f31e8cdb02113cd0f3aa81a903adc854a64d9,unknown,explicit_unrecovered,2026-07-30,container_or_resource_boundary;terminal_config_unrecovered;terminal_payload_unrecovered,human_documented_terminal_gap;terminal_family_config_and_c2_not_recovered,analysis-results/malware/purehvnc/versions/unknown/cases/a4a0b87c94132e0433ae48e2151f31e8cdb02113cd0f3aa81a903adc854a64d9,analysis-results/malware/purehvnc/versions/unknown/cases/a4a0b87c94132e0433ae48e2151f31e8cdb02113cd0f3aa81a903adc854a64d9/FEATURES.md;analysis-results/malware/purehvnc/versions/unknown/cases/a4a0b87c94132e0433ae48e2151f31e8cdb02113cd0f3aa81a903adc854a64d9/OVERALL-LOGIC.md;analysis-results/malware/purehvnc/versions/unknown/cases/a4a0b87c94132e0433ae48e2151f31e8cdb02113cd0f3aa81a903adc854a64d9/metadata.json;analysis-results/malware/purehvnc/versions/unknown/cases/a4a0b87c94132e0433ae48e2151f31e8cdb02113cd0f3aa81a903adc854a64d9/report.json
P0,stealc,125382411e94398dd47ef364807868a3d2a6a4d4821d1513897278e77ef005b1,unknown,curated_recovery_backlog,,protector_or_virtualization_boundary;terminal_config_unrecovered,terminal_config_not_recovered;themida_winlicense_2x,analysis-results/malware/stealc/versions/unknown/cases/125382411e94398dd47ef364807868a3d2a6a4d4821d1513897278e77ef005b1,analysis-framework/inventories/static-hard-cases.yaml
P0,stealc,299c378868c76048c26d0e279655c08305f0ce42e5582fe5005aae776d525a1b,unknown,curated_recovery_backlog,,protector_or_virtualization_boundary;terminal_config_unrecovered,terminal_config_not_recovered;themida_winlicense_2x,analysis-results/malware/stealc/versions/unknown/cases/299c378868c76048c26d0e279655c08305f0ce42e5582fe5005aae776d525a1b,analysis-framework/inventories/static-hard-cases.yaml
P0,stealc,99e3eaac03d77c6b24ebd5a17326ba051788d58f1f1d4aa6871310419a85d8af,unknown,curated_recovery_backlog,,protector_or_virtualization_boundary;terminal_config_unrecovered,terminal_config_not_recovered;themida_winlicense_2x,analysis-results/malware/stealc/versions/unknown/cases/99e3eaac03d77c6b24ebd5a17326ba051788d58f1f1d4aa6871310419a85d8af,analysis-framework/inventories/static-hard-cases.yaml
P0,stealc,9b8e5b5f2e62640327fdd1616c62a29ec27eaddad731d66ed331b3a1135fd6cb,unknown,curated_recovery_backlog,,protector_or_virtualization_boundary;terminal_config_unrecovered,terminal_config_not_recovered;themida_winlicense_2x,analysis-results/malware/stealc/versions/unknown/cases/9b8e5b5f2e62640327fdd1616c62a29ec27eaddad731d66ed331b3a1135fd6cb,analysis-framework/inventories/static-hard-cases.yaml
P0,stealc,ab5f78eaccc4a0f86106c547f828c2da8bd554a855deda50074c8a3cd003513a,unknown,curated_recovery_backlog,,protector_or_virtualization_boundary;terminal_config_unrecovered,terminal_config_not_recovered;themida_winlicense_2x,analysis-results/malware/stealc/versions/unknown/cases/ab5f78eaccc4a0f86106c547f828c2da8bd554a855deda50074c8a3cd003513a,analysis-framework/inventories/static-hard-cases.yaml
P0,stealc,b42f055a7a568843360e4b8b46d514de26931303b039b700d15a336b5c53dc0b,unknown,curated_recovery_backlog,,protector_or_virtualization_boundary;terminal_config_unrecovered,terminal_config_not_recovered;themida_winlicense_2x,analysis-results/malware/stealc/versions/unknown/cases/b42f055a7a568843360e4b8b46d514de26931303b039b700d15a336b5c53dc0b,analysis-framework/inventories/static-hard-cases.yaml
P0,stealc,d1f04b4bea67cbc6f469855826505a16e706b514858fa73c123df263ad34a292,unknown,curated_recovery_backlog,,protector_or_virtualization_boundary;terminal_config_unrecovered,enigma_5x;terminal_config_not_recovered,analysis-results/malware/stealc/versions/unknown/cases/d1f04b4bea67cbc6f469855826505a16e706b514858fa73c123df263ad34a292,analysis-framework/inventories/static-hard-cases.yaml
P0,stealc,e08a69c8611950c16a0d273800acc6083cce9078358a8ff41b4639e02a7b18b0,unknown,curated_recovery_backlog,,protector_or_virtualization_boundary;terminal_config_unrecovered,terminal_config_not_recovered;themida_winlicense_2x,analysis-results/malware/stealc/versions/unknown/cases/e08a69c8611950c16a0d273800acc6083cce9078358a8ff41b4639e02a7b18b0,analysis-framework/inventories/static-hard-cases.yaml
P0,stealc,e1bdbadb3c03238af26c510775bb0aa63f7221dd43eb6f02a16332e091718779,unknown,curated_recovery_backlog,,protector_or_virtualization_boundary;terminal_config_unrecovered,terminal_config_not_recovered;themida_winlicense_2x,analysis-results/malware/stealc/versions/unknown/cases/e1bdbadb3c03238af26c510775bb0aa63f7221dd43eb6f02a16332e091718779,analysis-framework/inventories/static-hard-cases.yaml
P0,stealc,eb433e78acbf8dc7dfd0817a7699ebef2b44c5de873aa3cb9e950d7df895d49a,unknown,curated_recovery_backlog,,protector_or_virtualization_boundary;terminal_config_unrecovered,terminal_config_not_recovered;themida_winlicense_2x,analysis-results/malware/stealc/versions/unknown/cases/eb433e78acbf8dc7dfd0817a7699ebef2b44c5de873aa3cb9e950d7df895d49a,analysis-framework/inventories/static-hard-cases.yaml
P0,stealc,f0947eaff9837140af164952d5ff422e3f9e35cea5c85a67709fb97638d03f12,unknown,curated_recovery_backlog,,protector_or_virtualization_boundary;terminal_config_unrecovered,terminal_config_not_recovered;themida_winlicense_2x,analysis-results/malware/stealc/versions/unknown/cases/f0947eaff9837140af164952d5ff422e3f9e35cea5c85a67709fb97638d03f12,analysis-framework/inventories/static-hard-cases.yaml
P0,valleyrat,6546aad603716ebbe02412440e8d8d8e5fd7af80f212c6fe45e50a76f093c6d1,unknown,source_material_absent,2026-07-15,required_bytes_absent,required_terminal_bytes_absent,analysis-results/malware/valleyrat/versions/unknown/cases/6546aad603716ebbe02412440e8d8d8e5fd7af80f212c6fe45e50a76f093c6d1,analysis-framework/inventories/static-hard-cases.yaml
P0,valleyrat,81f68f61a8f7cf1accca338fd196051020bf60885aad409332091b759ff818d9,unknown,curated_recovery_backlog,,protector_or_virtualization_boundary,native_control_flow_obfuscation;opaque_predicates;overlapping_instructions;rdtsc;stack_state_manipulation,analysis-results/malware/valleyrat/versions/unknown/cases/81f68f61a8f7cf1accca338fd196051020bf60885aad409332091b759ff818d9,analysis-framework/inventories/static-hard-cases.yaml
P0,valleyrat,ad4a584f5e622c10703bca28c58ee8372899edb48cc1ccf28a2cff87d1afbf2d,unknown,curated_recovery_backlog,,protector_or_virtualization_boundary,native_control_flow_obfuscation;opaque_predicates;overlapping_instructions;rdtsc;stack_state_manipulation,analysis-results/malware/valleyrat/versions/unknown/cases/ad4a584f5e622c10703bca28c58ee8372899edb48cc1ccf28a2cff87d1afbf2d,analysis-framework/inventories/static-hard-cases.yaml
P0,valleyrat,fc397bf8ddae5d01a16beb2076261b2a708b7cb3e8fea0898e56127a757153de,unknown,curated_recovery_backlog,,protector_or_virtualization_boundary,native_control_flow_obfuscation;opaque_predicates;overlapping_instructions;rdtsc;stack_state_manipulation,analysis-results/malware/valleyrat/versions/unknown/cases/fc397bf8ddae5d01a16beb2076261b2a708b7cb3e8fea0898e56127a757153de,analysis-framework/inventories/static-hard-cases.yaml
P0,venomrat,3187d3e3b16a56070801701cb040843b67ee52f3a601be142267fd0ea0d91e3b,unknown,source_material_absent,,required_bytes_absent;terminal_config_unrecovered,human_documented_terminal_gap;required_terminal_bytes_absent,analysis-results/malware/venomrat/versions/unknown/cases/3187d3e3b16a56070801701cb040843b67ee52f3a601be142267fd0ea0d91e3b,analysis-framework/inventories/static-hard-cases.yaml;analysis-results/malware/venomrat/versions/unknown/cases/3187d3e3b16a56070801701cb040843b67ee52f3a601be142267fd0ea0d91e3b/README.md
P0,venomrat,6d25076b0cf8d493bd252bcfdee87c9ec9e23ddb814cfc671e3e80d31e2bf6f8,unknown,source_material_absent,,required_bytes_absent,required_terminal_bytes_absent,analysis-results/malware/venomrat/versions/unknown/cases/6d25076b0cf8d493bd252bcfdee87c9ec9e23ddb814cfc671e3e80d31e2bf6f8,analysis-framework/inventories/static-hard-cases.yaml
P0,vidar,02355d3fee5e217b25f9210ad0f6bacc3807b6ef1a59aa4d428c01017dcbcf28,unknown,curated_recovery_backlog,,protector_or_virtualization_boundary;terminal_config_unrecovered,koivm_runtime;static_config_not_recovered;virtualized_cil,analysis-results/malware/vidar/versions/unknown/cases/02355d3fee5e217b25f9210ad0f6bacc3807b6ef1a59aa4d428c01017dcbcf28,analysis-framework/inventories/static-hard-cases.yaml
P0,vidar,05f9553616bb5fdbf37bd4036c210929e08d7181de898c1bea1bdae7afb0766f,unknown,curated_recovery_backlog,,protector_or_virtualization_boundary;terminal_config_unrecovered,koivm_runtime;static_config_not_recovered;virtualized_cil,analysis-results/malware/vidar/versions/unknown/cases/05f9553616bb5fdbf37bd4036c210929e08d7181de898c1bea1bdae7afb0766f,analysis-framework/inventories/static-hard-cases.yaml
P0,vidar,0c857501e3851072db666386136929c06bcf4c8d3160b41b7d82a3ce9afca1be,unknown,curated_recovery_backlog,,protector_or_virtualization_boundary;terminal_config_unrecovered,koivm_runtime;static_config_not_recovered;virtualized_cil,analysis-results/malware/vidar/versions/unknown/cases/0c857501e3851072db666386136929c06bcf4c8d3160b41b7d82a3ce9afca1be,analysis-framework/inventories/static-hard-cases.yaml
P0,vidar,3418a369486e9bf2b57023dc0b02cb00f12a5214fca8bae20ff93586cc8c678a,unknown,curated_recovery_backlog,,protector_or_virtualization_boundary;terminal_config_unrecovered,koivm_runtime;static_config_not_recovered;virtualized_cil,analysis-results/malware/vidar/versions/unknown/cases/3418a369486e9bf2b57023dc0b02cb00f12a5214fca8bae20ff93586cc8c678a,analysis-framework/inventories/static-hard-cases.yaml
P0,vidar,363c46dfb252d7c40d9c3bb63bdc40c2eff0ce16c0c1b77f507d73058104c6e1,unknown,curated_recovery_backlog,,protector_or_virtualization_boundary;terminal_config_unrecovered,koivm_runtime;static_config_not_recovered;virtualized_cil,analysis-results/malware/vidar/versions/unknown/cases/363c46dfb252d7c40d9c3bb63bdc40c2eff0ce16c0c1b77f507d73058104c6e1,analysis-framework/inventories/static-hard-cases.yaml
P0,vidar,4c17f7ee55f9bf6fa9acaeeb9574feab39ba4a3cccd4426dfa85aaf58b90ae73,unknown,curated_recovery_backlog,,protector_or_virtualization_boundary;terminal_config_unrecovered,koivm_runtime;static_config_not_recovered;virtualized_cil,analysis-results/malware/vidar/versions/unknown/cases/4c17f7ee55f9bf6fa9acaeeb9574feab39ba4a3cccd4426dfa85aaf58b90ae73,analysis-framework/inventories/static-hard-cases.yaml
P0,vidar,4d4f97f1621334e4075e0229265ac6c5da14754eff1378a7d77ea6d3821e8a33,unknown,curated_recovery_backlog,,protector_or_virtualization_boundary;terminal_config_unrecovered,koivm_runtime;static_config_not_recovered;virtualized_cil,analysis-results/malware/vidar/versions/unknown/cases/4d4f97f1621334e4075e0229265ac6c5da14754eff1378a7d77ea6d3821e8a33,analysis-framework/inventories/static-hard-cases.yaml
P0,vidar,526efbd526d1e0fa9ac6b9def17f1925774e3696595232e8e8d6801a8a302e36,unknown,source_material_absent,,required_bytes_absent;terminal_payload_unrecovered,human_documented_terminal_gap;required_terminal_bytes_absent,analysis-results/malware/vidar/versions/unknown/cases/526efbd526d1e0fa9ac6b9def17f1925774e3696595232e8e8d6801a8a302e36,analysis-framework/inventories/static-hard-cases.yaml;analysis-results/malware/vidar/versions/unknown/cases/526efbd526d1e0fa9ac6b9def17f1925774e3696595232e8e8d6801a8a302e36/FEATURES.md
P0,vidar,87b92fcd04f69f9c132c9f350dbb3686888a5e388b1f787f6a658f09582c0da6,unknown,curated_recovery_backlog,,protector_or_virtualization_boundary;terminal_config_unrecovered,koivm_runtime;static_config_not_recovered;virtualized_cil,analysis-results/malware/vidar/versions/unknown/cases/87b92fcd04f69f9c132c9f350dbb3686888a5e388b1f787f6a658f09582c0da6,analysis-framework/inventories/static-hard-cases.yaml
P0,vidar,99e733391ac499e78e535a98551c4d27408abfad4e56fe4c46956636655df29c,unknown,curated_recovery_backlog,,protector_or_virtualization_boundary;terminal_config_unrecovered,koivm_runtime;static_config_not_recovered;virtualized_cil,analysis-results/malware/vidar/versions/unknown/cases/99e733391ac499e78e535a98551c4d27408abfad4e56fe4c46956636655df29c,analysis-framework/inventories/static-hard-cases.yaml
P0,vidar,b67bc78347918209973d633287c4e1f514a0917b8678c2cf2066ba80b2004f78,unknown,curated_recovery_backlog,,protector_or_virtualization_boundary;terminal_config_unrecovered,koivm_runtime;static_config_not_recovered;virtualized_cil,analysis-results/malware/vidar/versions/unknown/cases/b67bc78347918209973d633287c4e1f514a0917b8678c2cf2066ba80b2004f78,analysis-framework/inventories/static-hard-cases.yaml
P0,vidar,ee1bddda91c3a8a3ca8b3fcc077c373dc80da17b94ae6dc7f4219116a49fd7ac,unknown,source_material_absent,,required_bytes_absent;terminal_payload_unrecovered,human_documented_terminal_gap;required_terminal_bytes_absent,analysis-results/malware/vidar/versions/unknown/cases/ee1bddda91c3a8a3ca8b3fcc077c373dc80da17b94ae6dc7f4219116a49fd7ac,analysis-framework/inventories/static-hard-cases.yaml;analysis-results/malware/vidar/versions/unknown/cases/ee1bddda91c3a8a3ca8b3fcc077c373dc80da17b94ae6dc7f4219116a49fd7ac/FEATURES.md
P1,acrstealer,1220d2250778f214b8ef2d37cf6c0904fb6080a42ad4e1e9bd253f84c8e7e10e,unknown,explicit_unrecovered,2026-07-15,terminal_payload_unrecovered,human_documented_terminal_gap,analysis-results/malware/acrstealer/versions/unknown/cases/1220d2250778f214b8ef2d37cf6c0904fb6080a42ad4e1e9bd253f84c8e7e10e,analysis-results/malware/acrstealer/versions/unknown/cases/1220d2250778f214b8ef2d37cf6c0904fb6080a42ad4e1e9bd253f84c8e7e10e/STATIC-LOGIC.md
P1,acrstealer,14ac0c55100d957d1b198583461b2605e6e72c2538039b54c538dc7e356ddce3,unknown,explicit_unrecovered,2026-07-17,terminal_payload_unrecovered,human_documented_terminal_gap,analysis-results/malware/acrstealer/versions/unknown/cases/14ac0c55100d957d1b198583461b2605e6e72c2538039b54c538dc7e356ddce3,analysis-results/malware/acrstealer/versions/unknown/cases/14ac0c55100d957d1b198583461b2605e6e72c2538039b54c538dc7e356ddce3/STATIC-LOGIC.md
P1,acrstealer,31cf473bb93abef0760d4992d45bafcd936edb7c26193c175f8491f8ffaef0e0,unknown,explicit_unrecovered,2026-07-22,terminal_payload_unrecovered,human_documented_terminal_gap,analysis-results/malware/acrstealer/versions/unknown/cases/31cf473bb93abef0760d4992d45bafcd936edb7c26193c175f8491f8ffaef0e0,analysis-results/malware/acrstealer/versions/unknown/cases/31cf473bb93abef0760d4992d45bafcd936edb7c26193c175f8491f8ffaef0e0/STATIC-LOGIC.md
P1,acrstealer,5fbed74e14ac66724e9d88829ade0c3d7f640288d902f7721eca96eab632d165,unknown,explicit_unrecovered,2026-07-18,terminal_payload_unrecovered,human_documented_terminal_gap,analysis-results/malware/acrstealer/versions/unknown/cases/5fbed74e14ac66724e9d88829ade0c3d7f640288d902f7721eca96eab632d165,analysis-results/malware/acrstealer/versions/unknown/cases/5fbed74e14ac66724e9d88829ade0c3d7f640288d902f7721eca96eab632d165/STATIC-LOGIC.md
P1,acrstealer,7c9a76145f39a052020aed4eb60927ad678c792c15bdf4f192d36a569e0457f8,unknown,explicit_unrecovered,2026-07-18,terminal_payload_unrecovered,human_documented_terminal_gap,analysis-results/malware/acrstealer/versions/unknown/cases/7c9a76145f39a052020aed4eb60927ad678c792c15bdf4f192d36a569e0457f8,analysis-results/malware/acrstealer/versions/unknown/cases/7c9a76145f39a052020aed4eb60927ad678c792c15bdf4f192d36a569e0457f8/STATIC-LOGIC.md
P1,acrstealer,b2ab8825b84e6f0209cf713dcf7156c93ae82f37a6d9f0ca9072e228825c8d63,unknown,explicit_unrecovered,2026-07-18,terminal_payload_unrecovered,human_documented_terminal_gap,analysis-results/malware/acrstealer/versions/unknown/cases/b2ab8825b84e6f0209cf713dcf7156c93ae82f37a6d9f0ca9072e228825c8d63,analysis-results/malware/acrstealer/versions/unknown/cases/b2ab8825b84e6f0209cf713dcf7156c93ae82f37a6d9f0ca9072e228825c8d63/STATIC-LOGIC.md
P1,acrstealer,b7dacc50bebb59e302a886e3585a521d61c38dd27cfc7de1522bce998cb173f3,unknown,explicit_unrecovered,2026-07-18,terminal_payload_unrecovered,human_documented_terminal_gap,analysis-results/malware/acrstealer/versions/unknown/cases/b7dacc50bebb59e302a886e3585a521d61c38dd27cfc7de1522bce998cb173f3,analysis-results/malware/acrstealer/versions/unknown/cases/b7dacc50bebb59e302a886e3585a521d61c38dd27cfc7de1522bce998cb173f3/STATIC-LOGIC.md
P1,acrstealer,c4b117f30786d0b328d90c2818e4c454e81d29ed5921d8f8847e80333a12ee86,unknown,explicit_unrecovered,2026-07-17,terminal_payload_unrecovered,human_documented_terminal_gap,analysis-results/malware/acrstealer/versions/unknown/cases/c4b117f30786d0b328d90c2818e4c454e81d29ed5921d8f8847e80333a12ee86,analysis-results/malware/acrstealer/versions/unknown/cases/c4b117f30786d0b328d90c2818e4c454e81d29ed5921d8f8847e80333a12ee86/STATIC-LOGIC.md
P1,acrstealer,cb336a6e3fc0e9aa62b5768bffc207c09b372546636a5c58057a1b6d0708df06,unknown,explicit_unrecovered,2026-07-18,terminal_payload_unrecovered,human_documented_terminal_gap,analysis-results/malware/acrstealer/versions/unknown/cases/cb336a6e3fc0e9aa62b5768bffc207c09b372546636a5c58057a1b6d0708df06,analysis-results/malware/acrstealer/versions/unknown/cases/cb336a6e3fc0e9aa62b5768bffc207c09b372546636a5c58057a1b6d0708df06/FEATURES.md;analysis-results/malware/acrstealer/versions/unknown/cases/cb336a6e3fc0e9aa62b5768bffc207c09b372546636a5c58057a1b6d0708df06/STATIC-LOGIC.md
P1,agenttesla,5eb4973ce58ca8d691309fe57959dfb2f43d9f9cb4e094b23b6aa0ff173bb12a,unknown,explicit_unrecovered,2026-07-20,terminal_config_unrecovered;terminal_payload_unrecovered,human_documented_terminal_gap,analysis-results/malware/agenttesla/versions/unknown/cases/5eb4973ce58ca8d691309fe57959dfb2f43d9f9cb4e094b23b6aa0ff173bb12a,analysis-results/malware/agenttesla/versions/unknown/cases/5eb4973ce58ca8d691309fe57959dfb2f43d9f9cb4e094b23b6aa0ff173bb12a/README.md;analysis-results/malware/agenttesla/versions/unknown/cases/5eb4973ce58ca8d691309fe57959dfb2f43d9f9cb4e094b23b6aa0ff173bb12a/config.json
P1,agenttesla,621da58b9aee9a07b42dfc239e6d0bc99344e28c05fb829358691f7cb268e4ac,unknown,explicit_unrecovered,2026-07-20,terminal_payload_unrecovered,human_documented_terminal_gap,analysis-results/malware/agenttesla/versions/unknown/cases/621da58b9aee9a07b42dfc239e6d0bc99344e28c05fb829358691f7cb268e4ac,analysis-results/malware/agenttesla/versions/unknown/cases/621da58b9aee9a07b42dfc239e6d0bc99344e28c05fb829358691f7cb268e4ac/README.md;analysis-results/malware/agenttesla/versions/unknown/cases/621da58b9aee9a07b42dfc239e6d0bc99344e28c05fb829358691f7cb268e4ac/config.json
P1,agenttesla,b134896ab4f8a75cb79f559a1f3aa65b5cae52a3c39fb95ac8371d600c2c92a9,unknown,explicit_unrecovered,2026-07-22,terminal_payload_unrecovered,human_documented_terminal_gap,analysis-results/malware/agenttesla/versions/unknown/cases/b134896ab4f8a75cb79f559a1f3aa65b5cae52a3c39fb95ac8371d600c2c92a9,analysis-results/malware/agenttesla/versions/unknown/cases/b134896ab4f8a75cb79f559a1f3aa65b5cae52a3c39fb95ac8371d600c2c92a9/FEATURES.md
P1,agenttesla,b811dce1aae1c0e0da249d5eb19dfd5b2640214627c9603b97f6f79c25a22e97,unknown,explicit_unrecovered,2026-07-22,terminal_payload_unrecovered,human_documented_terminal_gap,analysis-results/malware/agenttesla/versions/unknown/cases/b811dce1aae1c0e0da249d5eb19dfd5b2640214627c9603b97f6f79c25a22e97,analysis-results/malware/agenttesla/versions/unknown/cases/b811dce1aae1c0e0da249d5eb19dfd5b2640214627c9603b97f6f79c25a22e97/FEATURES.md
P1,amadey,1dbbf81d6f4b2222b37594e8ff30672bf85fd360f347cbd20b1a5d7b841dd276,unknown,explicit_unrecovered,,protector_or_virtualization_boundary;terminal_payload_unrecovered,human_documented_terminal_gap;protector_not_attributed;suspected_packed,analysis-results/malware/amadey/versions/unknown/cases/1dbbf81d6f4b2222b37594e8ff30672bf85fd360f347cbd20b1a5d7b841dd276,analysis-framework/inventories/static-hard-cases.yaml;analysis-results/malware/amadey/versions/unknown/cases/1dbbf81d6f4b2222b37594e8ff30672bf85fd360f347cbd20b1a5d7b841dd276/FEATURES.md
P1,amadey,3fed685e1b41d37f28a2fbd69ee3755ab4797b5d9b60ca6d904b2c9529af12f8,unknown,explicit_unrecovered,2026-08-01,terminal_payload_unrecovered,human_documented_terminal_gap,analysis-results/malware/amadey/versions/unknown/cases/3fed685e1b41d37f28a2fbd69ee3755ab4797b5d9b60ca6d904b2c9529af12f8,analysis-results/malware/amadey/versions/unknown/cases/3fed685e1b41d37f28a2fbd69ee3755ab4797b5d9b60ca6d904b2c9529af12f8/FEATURES.md
P1,amadey,43e67fbb1bc6ac4549c216476b2aa4e98a89e74ce4d51b8d72380fdd8cc4edb1,unknown,explicit_unrecovered,,protector_or_virtualization_boundary;terminal_payload_unrecovered,human_documented_terminal_gap;protector_not_attributed;suspected_packed,analysis-results/malware/amadey/versions/unknown/cases/43e67fbb1bc6ac4549c216476b2aa4e98a89e74ce4d51b8d72380fdd8cc4edb1,analysis-framework/inventories/static-hard-cases.yaml;analysis-results/malware/amadey/versions/unknown/cases/43e67fbb1bc6ac4549c216476b2aa4e98a89e74ce4d51b8d72380fdd8cc4edb1/FEATURES.md
P1,amadey,572d806c0b56d27fe05562301de6a9ed45cda3f36aef2f6e370867d9f3847013,unknown,explicit_unrecovered,,protector_or_virtualization_boundary;terminal_payload_unrecovered,human_documented_terminal_gap;protector_not_attributed;suspected_packed,analysis-results/malware/amadey/versions/unknown/cases/572d806c0b56d27fe05562301de6a9ed45cda3f36aef2f6e370867d9f3847013,analysis-framework/inventories/static-hard-cases.yaml;analysis-results/malware/amadey/versions/unknown/cases/572d806c0b56d27fe05562301de6a9ed45cda3f36aef2f6e370867d9f3847013/FEATURES.md
P1,amadey,5f160eb9a281a5f2a1a6ea1c5743d34fd3c0f1c34407ea1bd2d197e64cfa8c3c,unknown,explicit_unrecovered,2026-07-23,terminal_payload_unrecovered,human_documented_terminal_gap,analysis-results/malware/amadey/versions/unknown/cases/5f160eb9a281a5f2a1a6ea1c5743d34fd3c0f1c34407ea1bd2d197e64cfa8c3c,analysis-results/malware/amadey/versions/unknown/cases/5f160eb9a281a5f2a1a6ea1c5743d34fd3c0f1c34407ea1bd2d197e64cfa8c3c/FEATURES.md
P1,amadey,78305c8b5e8ead6989a0af09fc6ed8f2ff1b246c0487dfa78fb5b155b554cae9,unknown,explicit_unrecovered,,protector_or_virtualization_boundary;terminal_payload_unrecovered,human_documented_terminal_gap;protector_not_attributed;suspected_packed,analysis-results/malware/amadey/versions/unknown/cases/78305c8b5e8ead6989a0af09fc6ed8f2ff1b246c0487dfa78fb5b155b554cae9,analysis-framework/inventories/static-hard-cases.yaml;analysis-results/malware/amadey/versions/unknown/cases/78305c8b5e8ead6989a0af09fc6ed8f2ff1b246c0487dfa78fb5b155b554cae9/FEATURES.md
P1,amadey,7d05ae98fea42630b199a45f26e18a7196a8f3509ed703fc918416780fd1f661,unknown,explicit_unrecovered,,protector_or_virtualization_boundary;terminal_payload_unrecovered,human_documented_terminal_gap;protector_not_attributed;suspected_packed,analysis-results/malware/amadey/versions/unknown/cases/7d05ae98fea42630b199a45f26e18a7196a8f3509ed703fc918416780fd1f661,analysis-framework/inventories/static-hard-cases.yaml;analysis-results/malware/amadey/versions/unknown/cases/7d05ae98fea42630b199a45f26e18a7196a8f3509ed703fc918416780fd1f661/FEATURES.md
P1,amadey,c72cbb4b668f0f56d9df6359e5d391908a9ef5bb21c8f8eb4445be9197c47ef0,unknown,explicit_unrecovered,,protector_or_virtualization_boundary;terminal_payload_unrecovered,human_documented_terminal_gap;protector_not_attributed;suspected_packed,analysis-results/malware/amadey/versions/unknown/cases/c72cbb4b668f0f56d9df6359e5d391908a9ef5bb21c8f8eb4445be9197c47ef0,analysis-framework/inventories/static-hard-cases.yaml;analysis-results/malware/amadey/versions/unknown/cases/c72cbb4b668f0f56d9df6359e5d391908a9ef5bb21c8f8eb4445be9197c47ef0/FEATURES.md
P1,amadey,d04f0d88706837f7af27edf86b3c0e3241bad8ab43939ddda29dc6541b20eed2,unknown,explicit_unrecovered,,protector_or_virtualization_boundary;terminal_payload_unrecovered,human_documented_terminal_gap;protector_not_attributed;suspected_packed,analysis-results/malware/amadey/versions/unknown/cases/d04f0d88706837f7af27edf86b3c0e3241bad8ab43939ddda29dc6541b20eed2,analysis-framework/inventories/static-hard-cases.yaml;analysis-results/malware/amadey/versions/unknown/cases/d04f0d88706837f7af27edf86b3c0e3241bad8ab43939ddda29dc6541b20eed2/FEATURES.md
P1,amadey,e92089c1bcd9543515ccada144422b83f9f0b39b3fc0762d79d6619138a224cb,unknown,explicit_unrecovered,,protector_or_virtualization_boundary;terminal_payload_unrecovered,human_documented_terminal_gap;protector_not_attributed;suspected_packed,analysis-results/malware/amadey/versions/unknown/cases/e92089c1bcd9543515ccada144422b83f9f0b39b3fc0762d79d6619138a224cb,analysis-framework/inventories/static-hard-cases.yaml;analysis-results/malware/amadey/versions/unknown/cases/e92089c1bcd9543515ccada144422b83f9f0b39b3fc0762d79d6619138a224cb/FEATURES.md
P1,amadey,ea3b2c23df3162a6fa5c9d22d03f50db30542d7570ef769ded4ef106fb0255f4,unknown,explicit_unrecovered,,protector_or_virtualization_boundary;terminal_payload_unrecovered,human_documented_terminal_gap;protector_not_attributed;suspected_packed,analysis-results/malware/amadey/versions/unknown/cases/ea3b2c23df3162a6fa5c9d22d03f50db30542d7570ef769ded4ef106fb0255f4,analysis-framework/inventories/static-hard-cases.yaml;analysis-results/malware/amadey/versions/unknown/cases/ea3b2c23df3162a6fa5c9d22d03f50db30542d7570ef769ded4ef106fb0255f4/FEATURES.md
P1,amadey,ee170a14d676b69cab768f8a94e482ee9ad6dc1766038d6e26c24fe2cfbd7677,unknown,explicit_unrecovered,,protector_or_virtualization_boundary;terminal_payload_unrecovered,human_documented_terminal_gap;protector_not_attributed;suspected_packed,analysis-results/malware/amadey/versions/unknown/cases/ee170a14d676b69cab768f8a94e482ee9ad6dc1766038d6e26c24fe2cfbd7677,analysis-framework/inventories/static-hard-cases.yaml;analysis-results/malware/amadey/versions/unknown/cases/ee170a14d676b69cab768f8a94e482ee9ad6dc1766038d6e26c24fe2cfbd7677/FEATURES.md
P1,amadey,fda0fc105ffd6faae12d08c243fe684be8c69696bd654d733f5caf487b59baae,unknown,explicit_unrecovered,,protector_or_virtualization_boundary;terminal_payload_unrecovered,human_documented_terminal_gap;protector_not_attributed;suspected_packed,analysis-results/malware/amadey/versions/unknown/cases/fda0fc105ffd6faae12d08c243fe684be8c69696bd654d733f5caf487b59baae,analysis-framework/inventories/static-hard-cases.yaml;analysis-results/malware/amadey/versions/unknown/cases/fda0fc105ffd6faae12d08c243fe684be8c69696bd654d733f5caf487b59baae/FEATURES.md
P1,blackhorse-miner-agent,08cb5a6819ac46d34c1baae74d978949237c7a7e22592a221bbcd04c74a1af90,unknown,explicit_unrecovered,2026-07-20,terminal_config_unrecovered,human_documented_terminal_gap,analysis-results/malware/blackhorse-miner-agent/versions/unknown/cases/08cb5a6819ac46d34c1baae74d978949237c7a7e22592a221bbcd04c74a1af90,analysis-results/malware/blackhorse-miner-agent/versions/unknown/cases/08cb5a6819ac46d34c1baae74d978949237c7a7e22592a221bbcd04c74a1af90/README.md
P1,catddos,950b618c7f24e2b67d93bbf111c572978478622706eb7d288193fcea92145502,v2.0.4-socks5,explicit_unrecovered,2026-07-20,terminal_config_unrecovered,human_documented_terminal_gap,analysis-results/malware/catddos/versions/v2.0.4-socks5/cases/950b618c7f24e2b67d93bbf111c572978478622706eb7d288193fcea92145502,analysis-results/malware/catddos/versions/v2.0.4-socks5/cases/950b618c7f24e2b67d93bbf111c572978478622706eb7d288193fcea92145502/README.md
P1,catddos,b3fe0576f4e8a73f15d6cb8c0a614dd4340aea525605e2841311a2cb764eb6dc,v2.0.4-socks5,explicit_unrecovered,2026-07-20,terminal_config_unrecovered,human_documented_terminal_gap,analysis-results/malware/catddos/versions/v2.0.4-socks5/cases/b3fe0576f4e8a73f15d6cb8c0a614dd4340aea525605e2841311a2cb764eb6dc,analysis-results/malware/catddos/versions/v2.0.4-socks5/cases/b3fe0576f4e8a73f15d6cb8c0a614dd4340aea525605e2841311a2cb764eb6dc/README.md
P1,dotnet-resource-loader,4d033b83aec65390c6d90f9d87224fddd3bcd568cf490d9dc02bbb0f7db0d58f,unknown,explicit_unrecovered,2026-07-20,terminal_config_unrecovered,human_documented_terminal_gap,analysis-results/malware/dotnet-resource-loader/versions/unknown/cases/4d033b83aec65390c6d90f9d87224fddd3bcd568cf490d9dc02bbb0f7db0d58f,analysis-results/malware/dotnet-resource-loader/versions/unknown/cases/4d033b83aec65390c6d90f9d87224fddd3bcd568cf490d9dc02bbb0f7db0d58f/README.md
P1,dotnet-resource-loader,629b71238160765c0311731c527f79150766088a22a462a63338b9ff61e977e8,unknown,explicit_unrecovered,2026-07-20,terminal_config_unrecovered;terminal_payload_unrecovered,human_documented_terminal_gap,analysis-results/malware/dotnet-resource-loader/versions/unknown/cases/629b71238160765c0311731c527f79150766088a22a462a63338b9ff61e977e8,analysis-results/malware/dotnet-resource-loader/versions/unknown/cases/629b71238160765c0311731c527f79150766088a22a462a63338b9ff61e977e8/README.md
P1,dotnet-resource-loader,73827e53552bac53092a3f937f4c29d060969093cf20d9548836de516f2efede,unknown,explicit_unrecovered,2026-07-23,terminal_payload_unrecovered,human_documented_terminal_gap,analysis-results/malware/dotnet-resource-loader/versions/unknown/cases/73827e53552bac53092a3f937f4c29d060969093cf20d9548836de516f2efede,analysis-results/malware/dotnet-resource-loader/versions/unknown/cases/73827e53552bac53092a3f937f4c29d060969093cf20d9548836de516f2efede/FEATURES.md
P1,dotnet-resource-loader,b393bd767c142e171dd1b2928bae16fff2f63b3d319b2c1acb37129d8d538cc9,unknown,explicit_unrecovered,2026-07-20,terminal_config_unrecovered,human_documented_terminal_gap,analysis-results/malware/dotnet-resource-loader/versions/unknown/cases/b393bd767c142e171dd1b2928bae16fff2f63b3d319b2c1acb37129d8d538cc9,analysis-results/malware/dotnet-resource-loader/versions/unknown/cases/b393bd767c142e171dd1b2928bae16fff2f63b3d319b2c1acb37129d8d538cc9/README.md
P1,efimer,054fe387cda25efcaf47ef4e5fc18fbfdc6c52f35715d2adbb22700eb96736be,unknown,explicit_unrecovered,2026-07-23,terminal_payload_unrecovered,human_documented_terminal_gap,analysis-results/malware/efimer/versions/unknown/cases/054fe387cda25efcaf47ef4e5fc18fbfdc6c52f35715d2adbb22700eb96736be,analysis-results/malware/efimer/versions/unknown/cases/054fe387cda25efcaf47ef4e5fc18fbfdc6c52f35715d2adbb22700eb96736be/FEATURES.md
P1,efimer,08e678b14630558ba49781753227f1adc0534ea1d27ecf2b1c26a9eea89e23bb,unknown,explicit_unrecovered,2026-08-01,terminal_payload_unrecovered,human_documented_terminal_gap,analysis-results/malware/efimer/versions/unknown/cases/08e678b14630558ba49781753227f1adc0534ea1d27ecf2b1c26a9eea89e23bb,analysis-results/malware/efimer/versions/unknown/cases/08e678b14630558ba49781753227f1adc0534ea1d27ecf2b1c26a9eea89e23bb/FEATURES.md
P1,efimer,0bdbb0f2361160d4c5e71ed923fde9e0133ee6927c8a02a3f491cee1b83a1982,unknown,explicit_unrecovered,2026-07-28,terminal_payload_unrecovered,human_documented_terminal_gap,analysis-results/malware/efimer/versions/unknown/cases/0bdbb0f2361160d4c5e71ed923fde9e0133ee6927c8a02a3f491cee1b83a1982,analysis-results/malware/efimer/versions/unknown/cases/0bdbb0f2361160d4c5e71ed923fde9e0133ee6927c8a02a3f491cee1b83a1982/FEATURES.md
P1,efimer,0d7b6965d455ee7e00ba279a77a299caeaf7c872d863738d07aa52139c1ac1b1,unknown,explicit_unrecovered,2026-07-28,terminal_payload_unrecovered,human_documented_terminal_gap,analysis-results/malware/efimer/versions/unknown/cases/0d7b6965d455ee7e00ba279a77a299caeaf7c872d863738d07aa52139c1ac1b1,analysis-results/malware/efimer/versions/unknown/cases/0d7b6965d455ee7e00ba279a77a299caeaf7c872d863738d07aa52139c1ac1b1/FEATURES.md
P1,efimer,0d925c5400e17a96f4137f8cfc31fbd3890e96dddf178ce96d16388fe5b867a7,unknown,explicit_unrecovered,2026-07-29,terminal_payload_unrecovered,human_documented_terminal_gap,analysis-results/malware/efimer/versions/unknown/cases/0d925c5400e17a96f4137f8cfc31fbd3890e96dddf178ce96d16388fe5b867a7,analysis-results/malware/efimer/versions/unknown/cases/0d925c5400e17a96f4137f8cfc31fbd3890e96dddf178ce96d16388fe5b867a7/FEATURES.md
P1,efimer,0db05388d762bff931351ac2d599ca1d2bb216198754cda6d275b07709c50766,unknown,explicit_unrecovered,2026-07-30,terminal_payload_unrecovered,human_documented_terminal_gap,analysis-results/malware/efimer/versions/unknown/cases/0db05388d762bff931351ac2d599ca1d2bb216198754cda6d275b07709c50766,analysis-results/malware/efimer/versions/unknown/cases/0db05388d762bff931351ac2d599ca1d2bb216198754cda6d275b07709c50766/FEATURES.md
P1,efimer,10aa22f1c88b690399fa6cfe6f6f7bc1ed49d153313585fc5520621f160b64ce,unknown,explicit_unrecovered,2026-07-30,terminal_payload_unrecovered,human_documented_terminal_gap,analysis-results/malware/efimer/versions/unknown/cases/10aa22f1c88b690399fa6cfe6f6f7bc1ed49d153313585fc5520621f160b64ce,analysis-results/malware/efimer/versions/unknown/cases/10aa22f1c88b690399fa6cfe6f6f7bc1ed49d153313585fc5520621f160b64ce/FEATURES.md
P1,efimer,126d2fea7b1ea126a7dfa9d41a532a71ba1d41bb3473f5ba81694b2412059edc,unknown,explicit_unrecovered,2026-07-31,terminal_payload_unrecovered,human_documented_terminal_gap,analysis-results/malware/efimer/versions/unknown/cases/126d2fea7b1ea126a7dfa9d41a532a71ba1d41bb3473f5ba81694b2412059edc,analysis-results/malware/efimer/versions/unknown/cases/126d2fea7b1ea126a7dfa9d41a532a71ba1d41bb3473f5ba81694b2412059edc/FEATURES.md
P1,efimer,1441e39c7dd359145a88309bcf004282ce178df47635b5be6b48dd0e2ccb58a0,unknown,explicit_unrecovered,2026-07-28,terminal_payload_unrecovered,human_documented_terminal_gap,analysis-results/malware/efimer/versions/unknown/cases/1441e39c7dd359145a88309bcf004282ce178df47635b5be6b48dd0e2ccb58a0,analysis-results/malware/efimer/versions/unknown/cases/1441e39c7dd359145a88309bcf004282ce178df47635b5be6b48dd0e2ccb58a0/FEATURES.md
P1,efimer,149ab46739ca442762502a69f0960365a7c5e7761c76f2e6c2997bd43744a62a,unknown,explicit_unrecovered,2026-07-22,terminal_payload_unrecovered,human_documented_terminal_gap,analysis-results/malware/efimer/versions/unknown/cases/149ab46739ca442762502a69f0960365a7c5e7761c76f2e6c2997bd43744a62a,analysis-results/malware/efimer/versions/unknown/cases/149ab46739ca442762502a69f0960365a7c5e7761c76f2e6c2997bd43744a62a/FEATURES.md
P1,efimer,15788c62947475684edd84228a6167f915b68bb8ca81e9791a045995d72db38c,unknown,explicit_unrecovered,2026-07-22,terminal_payload_unrecovered,human_documented_terminal_gap,analysis-results/malware/efimer/versions/unknown/cases/15788c62947475684edd84228a6167f915b68bb8ca81e9791a045995d72db38c,analysis-results/malware/efimer/versions/unknown/cases/15788c62947475684edd84228a6167f915b68bb8ca81e9791a045995d72db38c/FEATURES.md
P1,efimer,15d34471d464ff576aa1c6fdbed6821c3b38f811916770a7db2422c5a90d01c8,unknown,explicit_unrecovered,2026-07-27,terminal_payload_unrecovered,human_documented_terminal_gap,analysis-results/malware/efimer/versions/unknown/cases/15d34471d464ff576aa1c6fdbed6821c3b38f811916770a7db2422c5a90d01c8,analysis-results/malware/efimer/versions/unknown/cases/15d34471d464ff576aa1c6fdbed6821c3b38f811916770a7db2422c5a90d01c8/FEATURES.md
P1,efimer,17c4da4a81155d233e6eaf6ef7cd2590d6fda76a46bacede4881ab3cd1bf88d3,unknown,explicit_unrecovered,2026-07-27,terminal_payload_unrecovered,human_documented_terminal_gap,analysis-results/malware/efimer/versions/unknown/cases/17c4da4a81155d233e6eaf6ef7cd2590d6fda76a46bacede4881ab3cd1bf88d3,analysis-results/malware/efimer/versions/unknown/cases/17c4da4a81155d233e6eaf6ef7cd2590d6fda76a46bacede4881ab3cd1bf88d3/FEATURES.md
P1,efimer,20df2cf7270385a42b4a82122f5fd5dffb450f3f52bb483342722d0683635de0,unknown,explicit_unrecovered,2026-07-29,terminal_payload_unrecovered,human_documented_terminal_gap,analysis-results/malware/efimer/versions/unknown/cases/20df2cf7270385a42b4a82122f5fd5dffb450f3f52bb483342722d0683635de0,analysis-results/malware/efimer/versions/unknown/cases/20df2cf7270385a42b4a82122f5fd5dffb450f3f52bb483342722d0683635de0/FEATURES.md
P1,efimer,21fa2933a5f8ecc157747f190d86762317d8b64f800f67287fbecf0169764b46,unknown,explicit_unrecovered,2026-07-27,terminal_payload_unrecovered,human_documented_terminal_gap,analysis-results/malware/efimer/versions/unknown/cases/21fa2933a5f8ecc157747f190d86762317d8b64f800f67287fbecf0169764b46,analysis-results/malware/efimer/versions/unknown/cases/21fa2933a5f8ecc157747f190d86762317d8b64f800f67287fbecf0169764b46/FEATURES.md
P1,efimer,239dede0d31cb07ddd78d5d521cbf30ae057c695d70fb43c98d3a70b112e5fd0,unknown,explicit_unrecovered,2026-07-23,terminal_payload_unrecovered,human_documented_terminal_gap,analysis-results/malware/efimer/versions/unknown/cases/239dede0d31cb07ddd78d5d521cbf30ae057c695d70fb43c98d3a70b112e5fd0,analysis-results/malware/efimer/versions/unknown/cases/239dede0d31cb07ddd78d5d521cbf30ae057c695d70fb43c98d3a70b112e5fd0/FEATURES.md
P1,efimer,245f0ee939fa4068c7ac66b51a51f845e1cc8070ee76e21aedf57be7b087ef9c,unknown,explicit_unrecovered,2026-07-30,terminal_payload_unrecovered,human_documented_terminal_gap,analysis-results/malware/efimer/versions/unknown/cases/245f0ee939fa4068c7ac66b51a51f845e1cc8070ee76e21aedf57be7b087ef9c,analysis-results/malware/efimer/versions/unknown/cases/245f0ee939fa4068c7ac66b51a51f845e1cc8070ee76e21aedf57be7b087ef9c/FEATURES.md
P1,efimer,266ee21a6c9f3408e472b4f146db4d1c6e5b0775bd04bae92862023d6c1e95f8,unknown,explicit_unrecovered,2026-08-01,terminal_payload_unrecovered,human_documented_terminal_gap,analysis-results/malware/efimer/versions/unknown/cases/266ee21a6c9f3408e472b4f146db4d1c6e5b0775bd04bae92862023d6c1e95f8,analysis-results/malware/efimer/versions/unknown/cases/266ee21a6c9f3408e472b4f146db4d1c6e5b0775bd04bae92862023d6c1e95f8/FEATURES.md
P1,efimer,2670c97b169e77527f6db4726e58db1c95926c35b56e292c0a3a975dd6656cb8,unknown,explicit_unrecovered,2026-07-31,terminal_payload_unrecovered,human_documented_terminal_gap,analysis-results/malware/efimer/versions/unknown/cases/2670c97b169e77527f6db4726e58db1c95926c35b56e292c0a3a975dd6656cb8,analysis-results/malware/efimer/versions/unknown/cases/2670c97b169e77527f6db4726e58db1c95926c35b56e292c0a3a975dd6656cb8/FEATURES.md
P1,efimer,267929de47e2793196c699ad50a7f789795100bc063c0d1f1ae22e83f4c65a93,unknown,explicit_unrecovered,2026-07-31,terminal_payload_unrecovered,human_documented_terminal_gap,analysis-results/malware/efimer/versions/unknown/cases/267929de47e2793196c699ad50a7f789795100bc063c0d1f1ae22e83f4c65a93,analysis-results/malware/efimer/versions/unknown/cases/267929de47e2793196c699ad50a7f789795100bc063c0d1f1ae22e83f4c65a93/FEATURES.md
P1,efimer,27550b8c15c5a7cf5568dd1d2e1243b510eb983a7eb8ff5ddc9974415e5a0093,unknown,explicit_unrecovered,2026-07-29,terminal_payload_unrecovered,human_documented_terminal_gap,analysis-results/malware/efimer/versions/unknown/cases/27550b8c15c5a7cf5568dd1d2e1243b510eb983a7eb8ff5ddc9974415e5a0093,analysis-results/malware/efimer/versions/unknown/cases/27550b8c15c5a7cf5568dd1d2e1243b510eb983a7eb8ff5ddc9974415e5a0093/FEATURES.md
P1,efimer,2aab00defb69f62ea24fcf2d2afc85750e1e24bc67a6e2fed6166438dfc1172d,unknown,explicit_unrecovered,2026-07-30,terminal_payload_unrecovered,human_documented_terminal_gap,analysis-results/malware/efimer/versions/unknown/cases/2aab00defb69f62ea24fcf2d2afc85750e1e24bc67a6e2fed6166438dfc1172d,analysis-results/malware/efimer/versions/unknown/cases/2aab00defb69f62ea24fcf2d2afc85750e1e24bc67a6e2fed6166438dfc1172d/FEATURES.md
P1,efimer,2c355642547e30bc702280efc25646ac33db35a49649d3abc6af5e8e9c339199,unknown,explicit_unrecovered,2026-07-23,terminal_payload_unrecovered,human_documented_terminal_gap,analysis-results/malware/efimer/versions/unknown/cases/2c355642547e30bc702280efc25646ac33db35a49649d3abc6af5e8e9c339199,analysis-results/malware/efimer/versions/unknown/cases/2c355642547e30bc702280efc25646ac33db35a49649d3abc6af5e8e9c339199/FEATURES.md
P1,efimer,2c8bc292d127ec5fb5da2a9c8cbb8e4ec911f6b62437cb5f3a082ac196dc5784,unknown,explicit_unrecovered,2026-07-20,terminal_config_unrecovered,human_documented_terminal_gap,analysis-results/malware/efimer/versions/unknown/cases/2c8bc292d127ec5fb5da2a9c8cbb8e4ec911f6b62437cb5f3a082ac196dc5784,analysis-results/malware/efimer/versions/unknown/cases/2c8bc292d127ec5fb5da2a9c8cbb8e4ec911f6b62437cb5f3a082ac196dc5784/README.md
P1,efimer,2d373d72472f7d9d11a3fc7d4874cf423b4260bed2e080d745ee127bcef237e6,unknown,explicit_unrecovered,2026-07-23,terminal_payload_unrecovered,human_documented_terminal_gap,analysis-results/malware/efimer/versions/unknown/cases/2d373d72472f7d9d11a3fc7d4874cf423b4260bed2e080d745ee127bcef237e6,analysis-results/malware/efimer/versions/unknown/cases/2d373d72472f7d9d11a3fc7d4874cf423b4260bed2e080d745ee127bcef237e6/FEATURES.md
P1,efimer,31e86a063a1bdb8f77d70a05c0b67ea7f962ccdd527a40311fe0debefb724375,unknown,explicit_unrecovered,2026-07-30,terminal_payload_unrecovered,human_documented_terminal_gap,analysis-results/malware/efimer/versions/unknown/cases/31e86a063a1bdb8f77d70a05c0b67ea7f962ccdd527a40311fe0debefb724375,analysis-results/malware/efimer/versions/unknown/cases/31e86a063a1bdb8f77d70a05c0b67ea7f962ccdd527a40311fe0debefb724375/FEATURES.md
P1,efimer,33180419d2e3b1763ef0e67e1a98d9964c16efa97ea164242d098d8d1eaf172a,unknown,explicit_unrecovered,2026-07-28,terminal_payload_unrecovered,human_documented_terminal_gap,analysis-results/malware/efimer/versions/unknown/cases/33180419d2e3b1763ef0e67e1a98d9964c16efa97ea164242d098d8d1eaf172a,analysis-results/malware/efimer/versions/unknown/cases/33180419d2e3b1763ef0e67e1a98d9964c16efa97ea164242d098d8d1eaf172a/FEATURES.md
P1,efimer,34c1dce15dfc0dfb9f57bb48cdcb0c31c400206647b58ad6c4ebc64f25caa06e,unknown,explicit_unrecovered,2026-07-22,terminal_payload_unrecovered,human_documented_terminal_gap,analysis-results/malware/efimer/versions/unknown/cases/34c1dce15dfc0dfb9f57bb48cdcb0c31c400206647b58ad6c4ebc64f25caa06e,analysis-results/malware/efimer/versions/unknown/cases/34c1dce15dfc0dfb9f57bb48cdcb0c31c400206647b58ad6c4ebc64f25caa06e/FEATURES.md
P1,efimer,354bf39ac11e66c61d8236a4ecdf7231e9b458d2943b7868e01b03c267e90096,unknown,explicit_unrecovered,2026-07-22,terminal_payload_unrecovered,human_documented_terminal_gap,analysis-results/malware/efimer/versions/unknown/cases/354bf39ac11e66c61d8236a4ecdf7231e9b458d2943b7868e01b03c267e90096,analysis-results/malware/efimer/versions/unknown/cases/354bf39ac11e66c61d8236a4ecdf7231e9b458d2943b7868e01b03c267e90096/FEATURES.md
P1,efimer,362d59aeb45ccaa8f46889a6760d9fdd4bf1a1849548483a4ed164d232458868,unknown,explicit_unrecovered,2026-07-28,terminal_payload_unrecovered,human_documented_terminal_gap,analysis-results/malware/efimer/versions/unknown/cases/362d59aeb45ccaa8f46889a6760d9fdd4bf1a1849548483a4ed164d232458868,analysis-results/malware/efimer/versions/unknown/cases/362d59aeb45ccaa8f46889a6760d9fdd4bf1a1849548483a4ed164d232458868/FEATURES.md
P1,efimer,366e52b6d95d9478a73ffcd659a1807bdea901a0737b7b2532fe11145be03925,unknown,explicit_unrecovered,2026-07-23,terminal_payload_unrecovered,human_documented_terminal_gap,analysis-results/malware/efimer/versions/unknown/cases/366e52b6d95d9478a73ffcd659a1807bdea901a0737b7b2532fe11145be03925,analysis-results/malware/efimer/versions/unknown/cases/366e52b6d95d9478a73ffcd659a1807bdea901a0737b7b2532fe11145be03925/FEATURES.md
P1,efimer,392571c5abe8c58b631fd44b1c2924f7854914754848cb2479ec6889ebce6b4c,unknown,explicit_unrecovered,2026-07-22,terminal_payload_unrecovered,human_documented_terminal_gap,analysis-results/malware/efimer/versions/unknown/cases/392571c5abe8c58b631fd44b1c2924f7854914754848cb2479ec6889ebce6b4c,analysis-results/malware/efimer/versions/unknown/cases/392571c5abe8c58b631fd44b1c2924f7854914754848cb2479ec6889ebce6b4c/FEATURES.md
P1,efimer,39ec954d66b2484f72787a62cc472fc1c8cf95042c2dae1e045f972731ee51e2,unknown,explicit_unrecovered,2026-07-20,terminal_config_unrecovered,human_documented_terminal_gap,analysis-results/malware/efimer/versions/unknown/cases/39ec954d66b2484f72787a62cc472fc1c8cf95042c2dae1e045f972731ee51e2,analysis-results/malware/efimer/versions/unknown/cases/39ec954d66b2484f72787a62cc472fc1c8cf95042c2dae1e045f972731ee51e2/README.md
P1,efimer,3b3c5e377794422830e760be0522cebb92c8272a491fb93aa74b3be21a48b6ff,unknown,explicit_unrecovered,2026-07-31,terminal_payload_unrecovered,human_documented_terminal_gap,analysis-results/malware/efimer/versions/unknown/cases/3b3c5e377794422830e760be0522cebb92c8272a491fb93aa74b3be21a48b6ff,analysis-results/malware/efimer/versions/unknown/cases/3b3c5e377794422830e760be0522cebb92c8272a491fb93aa74b3be21a48b6ff/FEATURES.md
P1,efimer,3c8c1d7684efd4edf61207179a7893ecea46dc49a26eed378f5197a5340182c3,unknown,explicit_unrecovered,2026-07-30,terminal_payload_unrecovered,human_documented_terminal_gap,analysis-results/malware/efimer/versions/unknown/cases/3c8c1d7684efd4edf61207179a7893ecea46dc49a26eed378f5197a5340182c3,analysis-results/malware/efimer/versions/unknown/cases/3c8c1d7684efd4edf61207179a7893ecea46dc49a26eed378f5197a5340182c3/FEATURES.md
P1,efimer,3e9c20184a6a8ba20ea14b4eff5bc31866a03887b5f9e23b88b87246aaa5ec17,unknown,explicit_unrecovered,2026-07-31,terminal_payload_unrecovered,human_documented_terminal_gap,analysis-results/malware/efimer/versions/unknown/cases/3e9c20184a6a8ba20ea14b4eff5bc31866a03887b5f9e23b88b87246aaa5ec17,analysis-results/malware/efimer/versions/unknown/cases/3e9c20184a6a8ba20ea14b4eff5bc31866a03887b5f9e23b88b87246aaa5ec17/FEATURES.md
P1,efimer,3fcc93723abb9c679e5e310a0c1a7089e858fb9fa9cd34f9da998f1cfb30c5eb,unknown,explicit_unrecovered,2026-07-28,terminal_payload_unrecovered,human_documented_terminal_gap,analysis-results/malware/efimer/versions/unknown/cases/3fcc93723abb9c679e5e310a0c1a7089e858fb9fa9cd34f9da998f1cfb30c5eb,analysis-results/malware/efimer/versions/unknown/cases/3fcc93723abb9c679e5e310a0c1a7089e858fb9fa9cd34f9da998f1cfb30c5eb/FEATURES.md
P1,efimer,40717c6dd9e3d28afd7937b8651efa2096c77478633ca1039f23c624ea322045,unknown,explicit_unrecovered,2026-07-29,terminal_payload_unrecovered,human_documented_terminal_gap,analysis-results/malware/efimer/versions/unknown/cases/40717c6dd9e3d28afd7937b8651efa2096c77478633ca1039f23c624ea322045,analysis-results/malware/efimer/versions/unknown/cases/40717c6dd9e3d28afd7937b8651efa2096c77478633ca1039f23c624ea322045/FEATURES.md
P1,efimer,44831dd69bd290d69459f93ac7b4378bd09ec9fb1ccac4e9f7d34dec7b068402,unknown,explicit_unrecovered,2026-07-31,terminal_payload_unrecovered,human_documented_terminal_gap,analysis-results/malware/efimer/versions/unknown/cases/44831dd69bd290d69459f93ac7b4378bd09ec9fb1ccac4e9f7d34dec7b068402,analysis-results/malware/efimer/versions/unknown/cases/44831dd69bd290d69459f93ac7b4378bd09ec9fb1ccac4e9f7d34dec7b068402/FEATURES.md
P1,efimer,45d47c8069f6a26f25ff02c972117d0abf6edd8ebe38a34514e388d0bbc44bba,unknown,explicit_unrecovered,2026-07-30,terminal_payload_unrecovered,human_documented_terminal_gap,analysis-results/malware/efimer/versions/unknown/cases/45d47c8069f6a26f25ff02c972117d0abf6edd8ebe38a34514e388d0bbc44bba,analysis-results/malware/efimer/versions/unknown/cases/45d47c8069f6a26f25ff02c972117d0abf6edd8ebe38a34514e388d0bbc44bba/FEATURES.md
P1,efimer,475e69baae47f29ca6e4689e5953926b5a1357d69ed8e0022b85804cff62d51e,unknown,explicit_unrecovered,2026-07-29,terminal_payload_unrecovered,human_documented_terminal_gap,analysis-results/malware/efimer/versions/unknown/cases/475e69baae47f29ca6e4689e5953926b5a1357d69ed8e0022b85804cff62d51e,analysis-results/malware/efimer/versions/unknown/cases/475e69baae47f29ca6e4689e5953926b5a1357d69ed8e0022b85804cff62d51e/FEATURES.md
P1,efimer,481a3abe0c3fb8d4f00ae6cd2199d1c289bbff2fba9ce04fd0785b7cf2d34ab6,unknown,explicit_unrecovered,2026-07-23,terminal_payload_unrecovered,human_documented_terminal_gap,analysis-results/malware/efimer/versions/unknown/cases/481a3abe0c3fb8d4f00ae6cd2199d1c289bbff2fba9ce04fd0785b7cf2d34ab6,analysis-results/malware/efimer/versions/unknown/cases/481a3abe0c3fb8d4f00ae6cd2199d1c289bbff2fba9ce04fd0785b7cf2d34ab6/FEATURES.md
P1,efimer,4b2bfcdbd2235a917786405381129da36922bbbb3f0342fbe44eaad3760afaa5,unknown,explicit_unrecovered,2026-07-29,terminal_payload_unrecovered,human_documented_terminal_gap,analysis-results/malware/efimer/versions/unknown/cases/4b2bfcdbd2235a917786405381129da36922bbbb3f0342fbe44eaad3760afaa5,analysis-results/malware/efimer/versions/unknown/cases/4b2bfcdbd2235a917786405381129da36922bbbb3f0342fbe44eaad3760afaa5/FEATURES.md
P1,efimer,4bb4b92b54c8ecd1db145f986e9725e9d327713cd9262dbe010318afd6af8137,unknown,explicit_unrecovered,2026-07-31,terminal_payload_unrecovered,human_documented_terminal_gap,analysis-results/malware/efimer/versions/unknown/cases/4bb4b92b54c8ecd1db145f986e9725e9d327713cd9262dbe010318afd6af8137,analysis-results/malware/efimer/versions/unknown/cases/4bb4b92b54c8ecd1db145f986e9725e9d327713cd9262dbe010318afd6af8137/FEATURES.md
P1,efimer,4bc1bc072949437c41adf9203ba98595ebaeb1ee47d231fc9e59a16e697e336c,unknown,explicit_unrecovered,2026-07-30,terminal_payload_unrecovered,human_documented_terminal_gap,analysis-results/malware/efimer/versions/unknown/cases/4bc1bc072949437c41adf9203ba98595ebaeb1ee47d231fc9e59a16e697e336c,analysis-results/malware/efimer/versions/unknown/cases/4bc1bc072949437c41adf9203ba98595ebaeb1ee47d231fc9e59a16e697e336c/FEATURES.md
P1,efimer,4c3084e6f337e867f335f4b04937350f150e82888f391ca63427f8eafa76c978,unknown,explicit_unrecovered,2026-07-30,terminal_payload_unrecovered,human_documented_terminal_gap,analysis-results/malware/efimer/versions/unknown/cases/4c3084e6f337e867f335f4b04937350f150e82888f391ca63427f8eafa76c978,analysis-results/malware/efimer/versions/unknown/cases/4c3084e6f337e867f335f4b04937350f150e82888f391ca63427f8eafa76c978/FEATURES.md
P1,efimer,501cc0d06ebf10f9ec74d1ea2139ffca45631f52b769c6a5712aab160c0d1ffd,unknown,explicit_unrecovered,2026-07-23,terminal_payload_unrecovered,human_documented_terminal_gap,analysis-results/malware/efimer/versions/unknown/cases/501cc0d06ebf10f9ec74d1ea2139ffca45631f52b769c6a5712aab160c0d1ffd,analysis-results/malware/efimer/versions/unknown/cases/501cc0d06ebf10f9ec74d1ea2139ffca45631f52b769c6a5712aab160c0d1ffd/FEATURES.md
P1,efimer,50421a15ad2458ac9518a4c8fe3b5c8341ac87d7838327d2eb55fa94fe334a39,unknown,explicit_unrecovered,2026-07-27,terminal_payload_unrecovered,human_documented_terminal_gap,analysis-results/malware/efimer/versions/unknown/cases/50421a15ad2458ac9518a4c8fe3b5c8341ac87d7838327d2eb55fa94fe334a39,analysis-results/malware/efimer/versions/unknown/cases/50421a15ad2458ac9518a4c8fe3b5c8341ac87d7838327d2eb55fa94fe334a39/FEATURES.md
P1,efimer,504d3db673cea7561272630dcdbcb132c470cdb6b4735af762f541f3adf19942,unknown,explicit_unrecovered,2026-07-29,terminal_payload_unrecovered,human_documented_terminal_gap,analysis-results/malware/efimer/versions/unknown/cases/504d3db673cea7561272630dcdbcb132c470cdb6b4735af762f541f3adf19942,analysis-results/malware/efimer/versions/unknown/cases/504d3db673cea7561272630dcdbcb132c470cdb6b4735af762f541f3adf19942/FEATURES.md
P1,efimer,514b8816af6639c6185f03cb2969e7855f1883b6d8a651c7e218269435795b9a,unknown,explicit_unrecovered,2026-08-01,terminal_payload_unrecovered,human_documented_terminal_gap,analysis-results/malware/efimer/versions/unknown/cases/514b8816af6639c6185f03cb2969e7855f1883b6d8a651c7e218269435795b9a,analysis-results/malware/efimer/versions/unknown/cases/514b8816af6639c6185f03cb2969e7855f1883b6d8a651c7e218269435795b9a/FEATURES.md
P1,efimer,5180b1ff84229f3034fec1de2534600cb07999a71bff2bf6319199a38320a187,unknown,explicit_unrecovered,2026-07-28,terminal_payload_unrecovered,human_documented_terminal_gap,analysis-results/malware/efimer/versions/unknown/cases/5180b1ff84229f3034fec1de2534600cb07999a71bff2bf6319199a38320a187,analysis-results/malware/efimer/versions/unknown/cases/5180b1ff84229f3034fec1de2534600cb07999a71bff2bf6319199a38320a187/FEATURES.md
P1,efimer,56091719eeba4881f3db1f837feaa9d47a5a275bff6218186d97614e252e6d21,unknown,explicit_unrecovered,2026-07-23,terminal_payload_unrecovered,human_documented_terminal_gap,analysis-results/malware/efimer/versions/unknown/cases/56091719eeba4881f3db1f837feaa9d47a5a275bff6218186d97614e252e6d21,analysis-results/malware/efimer/versions/unknown/cases/56091719eeba4881f3db1f837feaa9d47a5a275bff6218186d97614e252e6d21/FEATURES.md
P1,efimer,587fec092b6fb6fbbf3cead3a22061956d39ba949f65653f46ed60be8ffc704c,unknown,explicit_unrecovered,2026-08-01,terminal_payload_unrecovered,human_documented_terminal_gap,analysis-results/malware/efimer/versions/unknown/cases/587fec092b6fb6fbbf3cead3a22061956d39ba949f65653f46ed60be8ffc704c,analysis-results/malware/efimer/versions/unknown/cases/587fec092b6fb6fbbf3cead3a22061956d39ba949f65653f46ed60be8ffc704c/FEATURES.md
P1,efimer,599584e6e42436721a66c2d3fbc29fe0d9be0b0e3f9e0f5f0333293e293920fc,unknown,explicit_unrecovered,2026-08-08,terminal_payload_unrecovered,human_documented_terminal_gap,analysis-results/malware/efimer/versions/unknown/cases/599584e6e42436721a66c2d3fbc29fe0d9be0b0e3f9e0f5f0333293e293920fc,analysis-results/malware/efimer/versions/unknown/cases/599584e6e42436721a66c2d3fbc29fe0d9be0b0e3f9e0f5f0333293e293920fc/FEATURES.md
P1,efimer,59e159baaba5a53144003115d39539efb7b72c96c7070eeb670830df6eae633c,unknown,explicit_unrecovered,2026-07-23,terminal_payload_unrecovered,human_documented_terminal_gap,analysis-results/malware/efimer/versions/unknown/cases/59e159baaba5a53144003115d39539efb7b72c96c7070eeb670830df6eae633c,analysis-results/malware/efimer/versions/unknown/cases/59e159baaba5a53144003115d39539efb7b72c96c7070eeb670830df6eae633c/FEATURES.md
P1,efimer,5a6f57b0f7404d70c29e5c39b3bdd95064df4c4885f0fbbdcee41e438ff8444c,unknown,explicit_unrecovered,2026-07-26,terminal_payload_unrecovered,human_documented_terminal_gap,analysis-results/malware/efimer/versions/unknown/cases/5a6f57b0f7404d70c29e5c39b3bdd95064df4c4885f0fbbdcee41e438ff8444c,analysis-results/malware/efimer/versions/unknown/cases/5a6f57b0f7404d70c29e5c39b3bdd95064df4c4885f0fbbdcee41e438ff8444c/FEATURES.md
P1,efimer,5e3f1dfa4b61b2e89c747b24bb8872f3d6aca557c2e89f867fdd3be112b18481,unknown,explicit_unrecovered,2026-07-22,terminal_payload_unrecovered,human_documented_terminal_gap,analysis-results/malware/efimer/versions/unknown/cases/5e3f1dfa4b61b2e89c747b24bb8872f3d6aca557c2e89f867fdd3be112b18481,analysis-results/malware/efimer/versions/unknown/cases/5e3f1dfa4b61b2e89c747b24bb8872f3d6aca557c2e89f867fdd3be112b18481/FEATURES.md
P1,efimer,5e7928e464b8274c85179ed0d6b03668b19d6129a40e06a7309b15944d1fd071,unknown,explicit_unrecovered,2026-08-01,terminal_payload_unrecovered,human_documented_terminal_gap,analysis-results/malware/efimer/versions/unknown/cases/5e7928e464b8274c85179ed0d6b03668b19d6129a40e06a7309b15944d1fd071,analysis-results/malware/efimer/versions/unknown/cases/5e7928e464b8274c85179ed0d6b03668b19d6129a40e06a7309b15944d1fd071/FEATURES.md
P1,efimer,5eb83ec1cb48a810bd667ea8fb51f878122b62698d10a5ba506675608b691646,unknown,explicit_unrecovered,2026-07-30,terminal_payload_unrecovered,human_documented_terminal_gap,analysis-results/malware/efimer/versions/unknown/cases/5eb83ec1cb48a810bd667ea8fb51f878122b62698d10a5ba506675608b691646,analysis-results/malware/efimer/versions/unknown/cases/5eb83ec1cb48a810bd667ea8fb51f878122b62698d10a5ba506675608b691646/FEATURES.md
P1,efimer,5f1146ec4c1130cd64af934de2687d6dc78330b3bc6c8486deb39b9305b10d72,unknown,explicit_unrecovered,2026-07-30,terminal_payload_unrecovered,human_documented_terminal_gap,analysis-results/malware/efimer/versions/unknown/cases/5f1146ec4c1130cd64af934de2687d6dc78330b3bc6c8486deb39b9305b10d72,analysis-results/malware/efimer/versions/unknown/cases/5f1146ec4c1130cd64af934de2687d6dc78330b3bc6c8486deb39b9305b10d72/FEATURES.md
P1,efimer,604540e8f61d04ed0bde2678ace8d1d9a43461e0a2b8533d371891d6bf4089a2,unknown,explicit_unrecovered,2026-08-07,terminal_payload_unrecovered,human_documented_terminal_gap,analysis-results/malware/efimer/versions/unknown/cases/604540e8f61d04ed0bde2678ace8d1d9a43461e0a2b8533d371891d6bf4089a2,analysis-results/malware/efimer/versions/unknown/cases/604540e8f61d04ed0bde2678ace8d1d9a43461e0a2b8533d371891d6bf4089a2/FEATURES.md
P1,efimer,6146a3981fca566f55e50a40999822d9f2b44a7161d5106a4570d323d575387f,unknown,explicit_unrecovered,2026-07-22,terminal_payload_unrecovered,human_documented_terminal_gap,analysis-results/malware/efimer/versions/unknown/cases/6146a3981fca566f55e50a40999822d9f2b44a7161d5106a4570d323d575387f,analysis-results/malware/efimer/versions/unknown/cases/6146a3981fca566f55e50a40999822d9f2b44a7161d5106a4570d323d575387f/FEATURES.md
P1,efimer,628e33326d90400f5921db3d3d07d0b10779961a5ca5660a5689e65c0c6ef6c3,unknown,explicit_unrecovered,2026-08-01,terminal_payload_unrecovered,human_documented_terminal_gap,analysis-results/malware/efimer/versions/unknown/cases/628e33326d90400f5921db3d3d07d0b10779961a5ca5660a5689e65c0c6ef6c3,analysis-results/malware/efimer/versions/unknown/cases/628e33326d90400f5921db3d3d07d0b10779961a5ca5660a5689e65c0c6ef6c3/FEATURES.md
P1,efimer,62c0947a8d1b8559d980307a432b26d713f221aed3eb3688c61128f98f1c5e4b,unknown,explicit_unrecovered,2026-07-30,terminal_payload_unrecovered,human_documented_terminal_gap,analysis-results/malware/efimer/versions/unknown/cases/62c0947a8d1b8559d980307a432b26d713f221aed3eb3688c61128f98f1c5e4b,analysis-results/malware/efimer/versions/unknown/cases/62c0947a8d1b8559d980307a432b26d713f221aed3eb3688c61128f98f1c5e4b/FEATURES.md
P1,efimer,64a385b2bfaef289318908ebf361dfeaac374897753abc7994c4e048120e688f,unknown,explicit_unrecovered,2026-07-26,terminal_payload_unrecovered,human_documented_terminal_gap,analysis-results/malware/efimer/versions/unknown/cases/64a385b2bfaef289318908ebf361dfeaac374897753abc7994c4e048120e688f,analysis-results/malware/efimer/versions/unknown/cases/64a385b2bfaef289318908ebf361dfeaac374897753abc7994c4e048120e688f/FEATURES.md
P1,efimer,64db0a4c220b04a3cd1ee1dd5f4298942c0876fdc16bc3046b68338e89a79dc6,unknown,explicit_unrecovered,2026-07-31,terminal_payload_unrecovered,human_documented_terminal_gap,analysis-results/malware/efimer/versions/unknown/cases/64db0a4c220b04a3cd1ee1dd5f4298942c0876fdc16bc3046b68338e89a79dc6,analysis-results/malware/efimer/versions/unknown/cases/64db0a4c220b04a3cd1ee1dd5f4298942c0876fdc16bc3046b68338e89a79dc6/FEATURES.md
P1,efimer,64e49a171913fdcbac24270f98be5aa7fae093c88b59f72b4d84f0aa7c1160b2,unknown,explicit_unrecovered,2026-07-23,terminal_payload_unrecovered,human_documented_terminal_gap,analysis-results/malware/efimer/versions/unknown/cases/64e49a171913fdcbac24270f98be5aa7fae093c88b59f72b4d84f0aa7c1160b2,analysis-results/malware/efimer/versions/unknown/cases/64e49a171913fdcbac24270f98be5aa7fae093c88b59f72b4d84f0aa7c1160b2/FEATURES.md
P1,efimer,691b0e2f9555f229e921b0679f72452fe66c0d2432156efa4ff18c3f3724066a,unknown,explicit_unrecovered,2026-07-29,terminal_payload_unrecovered,human_documented_terminal_gap,analysis-results/malware/efimer/versions/unknown/cases/691b0e2f9555f229e921b0679f72452fe66c0d2432156efa4ff18c3f3724066a,analysis-results/malware/efimer/versions/unknown/cases/691b0e2f9555f229e921b0679f72452fe66c0d2432156efa4ff18c3f3724066a/FEATURES.md
P1,efimer,6a9ee6928a8e0fbd46bcd8fd9ad63e57eab47a53e36bbf6f29e24c842cd5b4a3,unknown,explicit_unrecovered,2026-07-31,terminal_payload_unrecovered,human_documented_terminal_gap,analysis-results/malware/efimer/versions/unknown/cases/6a9ee6928a8e0fbd46bcd8fd9ad63e57eab47a53e36bbf6f29e24c842cd5b4a3,analysis-results/malware/efimer/versions/unknown/cases/6a9ee6928a8e0fbd46bcd8fd9ad63e57eab47a53e36bbf6f29e24c842cd5b4a3/FEATURES.md
P1,efimer,6d67be88230d11f5751ab86094ccf4f704013e40c3172efee3bd08e772258f83,unknown,explicit_unrecovered,2026-07-30,terminal_payload_unrecovered,human_documented_terminal_gap,analysis-results/malware/efimer/versions/unknown/cases/6d67be88230d11f5751ab86094ccf4f704013e40c3172efee3bd08e772258f83,analysis-results/malware/efimer/versions/unknown/cases/6d67be88230d11f5751ab86094ccf4f704013e40c3172efee3bd08e772258f83/FEATURES.md
P1,efimer,732b8cf362f486b7569eaa85d9e39f71fe1438ba68214300a9b33c204c447264,unknown,explicit_unrecovered,2026-07-26,terminal_payload_unrecovered,human_documented_terminal_gap,analysis-results/malware/efimer/versions/unknown/cases/732b8cf362f486b7569eaa85d9e39f71fe1438ba68214300a9b33c204c447264,analysis-results/malware/efimer/versions/unknown/cases/732b8cf362f486b7569eaa85d9e39f71fe1438ba68214300a9b33c204c447264/FEATURES.md
P1,efimer,7341fa7b28bdc411c4f73c171c036cf5cdd57b7fcd2b006231ac92c324a829fe,unknown,explicit_unrecovered,2026-07-31,terminal_payload_unrecovered,human_documented_terminal_gap,analysis-results/malware/efimer/versions/unknown/cases/7341fa7b28bdc411c4f73c171c036cf5cdd57b7fcd2b006231ac92c324a829fe,analysis-results/malware/efimer/versions/unknown/cases/7341fa7b28bdc411c4f73c171c036cf5cdd57b7fcd2b006231ac92c324a829fe/FEATURES.md
P1,efimer,73cf812efdeafd903ef09c847457477950fa2b048c7b592e040c467a2082d091,unknown,explicit_unrecovered,2026-07-31,terminal_payload_unrecovered,human_documented_terminal_gap,analysis-results/malware/efimer/versions/unknown/cases/73cf812efdeafd903ef09c847457477950fa2b048c7b592e040c467a2082d091,analysis-results/malware/efimer/versions/unknown/cases/73cf812efdeafd903ef09c847457477950fa2b048c7b592e040c467a2082d091/FEATURES.md
P1,efimer,76b2713b63e443c83a23794087f2cad4b7588e78b0afa9a0fc276dd5de65a226,unknown,explicit_unrecovered,2026-07-30,terminal_payload_unrecovered,human_documented_terminal_gap,analysis-results/malware/efimer/versions/unknown/cases/76b2713b63e443c83a23794087f2cad4b7588e78b0afa9a0fc276dd5de65a226,analysis-results/malware/efimer/versions/unknown/cases/76b2713b63e443c83a23794087f2cad4b7588e78b0afa9a0fc276dd5de65a226/FEATURES.md
P1,efimer,7805b06ffc78058b2dd8f41155c9fc353c1267629aeaf3ee8f8e587fd11f013e,unknown,explicit_unrecovered,2026-07-26,terminal_payload_unrecovered,human_documented_terminal_gap,analysis-results/malware/efimer/versions/unknown/cases/7805b06ffc78058b2dd8f41155c9fc353c1267629aeaf3ee8f8e587fd11f013e,analysis-results/malware/efimer/versions/unknown/cases/7805b06ffc78058b2dd8f41155c9fc353c1267629aeaf3ee8f8e587fd11f013e/FEATURES.md
P1,efimer,78495c054f2466cb5997d0fc5d1ee913d01edeb191b7e730cf508d17ec1b3083,unknown,explicit_unrecovered,2026-07-23,terminal_payload_unrecovered,human_documented_terminal_gap,analysis-results/malware/efimer/versions/unknown/cases/78495c054f2466cb5997d0fc5d1ee913d01edeb191b7e730cf508d17ec1b3083,analysis-results/malware/efimer/versions/unknown/cases/78495c054f2466cb5997d0fc5d1ee913d01edeb191b7e730cf508d17ec1b3083/FEATURES.md
P1,efimer,78ef4cadec54dfda9055668975351cb20566d65be346536fa0f0eb7c8945203d,unknown,explicit_unrecovered,2026-07-22,terminal_payload_unrecovered,human_documented_terminal_gap,analysis-results/malware/efimer/versions/unknown/cases/78ef4cadec54dfda9055668975351cb20566d65be346536fa0f0eb7c8945203d,analysis-results/malware/efimer/versions/unknown/cases/78ef4cadec54dfda9055668975351cb20566d65be346536fa0f0eb7c8945203d/FEATURES.md
P1,efimer,7a3a1ea98dd7a705e7f213d1466aee55c010d418bab8a9c174fa9f46040d1e1e,unknown,explicit_unrecovered,2026-07-22,terminal_payload_unrecovered,human_documented_terminal_gap,analysis-results/malware/efimer/versions/unknown/cases/7a3a1ea98dd7a705e7f213d1466aee55c010d418bab8a9c174fa9f46040d1e1e,analysis-results/malware/efimer/versions/unknown/cases/7a3a1ea98dd7a705e7f213d1466aee55c010d418bab8a9c174fa9f46040d1e1e/FEATURES.md
P1,efimer,7b80dec3ee801e2d7d11373961448a7217078cb2721aef71fa2fd19534be3794,unknown,explicit_unrecovered,2026-07-29,terminal_payload_unrecovered,human_documented_terminal_gap,analysis-results/malware/efimer/versions/unknown/cases/7b80dec3ee801e2d7d11373961448a7217078cb2721aef71fa2fd19534be3794,analysis-results/malware/efimer/versions/unknown/cases/7b80dec3ee801e2d7d11373961448a7217078cb2721aef71fa2fd19534be3794/FEATURES.md
P1,efimer,81c1d1cdeaf0e551444a1ac4eb79e14b048e2fd439fa808868524dc8e6751721,unknown,explicit_unrecovered,2026-07-20,terminal_config_unrecovered;terminal_payload_unrecovered,human_documented_terminal_gap,analysis-results/malware/efimer/versions/unknown/cases/81c1d1cdeaf0e551444a1ac4eb79e14b048e2fd439fa808868524dc8e6751721,analysis-results/malware/efimer/versions/unknown/cases/81c1d1cdeaf0e551444a1ac4eb79e14b048e2fd439fa808868524dc8e6751721/README.md
P1,efimer,86dac88668ac7f20317d657ee7e95aea8a9df3530ff2713f8d62557e381bbec9,unknown,explicit_unrecovered,2026-07-29,terminal_payload_unrecovered,human_documented_terminal_gap,analysis-results/malware/efimer/versions/unknown/cases/86dac88668ac7f20317d657ee7e95aea8a9df3530ff2713f8d62557e381bbec9,analysis-results/malware/efimer/versions/unknown/cases/86dac88668ac7f20317d657ee7e95aea8a9df3530ff2713f8d62557e381bbec9/FEATURES.md
P1,efimer,8836a9fbb659a8bcd2a400fd0f1b971d92b46cea173a583508010f6db52d3274,unknown,explicit_unrecovered,2026-07-22,terminal_payload_unrecovered,human_documented_terminal_gap,analysis-results/malware/efimer/versions/unknown/cases/8836a9fbb659a8bcd2a400fd0f1b971d92b46cea173a583508010f6db52d3274,analysis-results/malware/efimer/versions/unknown/cases/8836a9fbb659a8bcd2a400fd0f1b971d92b46cea173a583508010f6db52d3274/FEATURES.md
P1,efimer,88a809fd0fbcfe06987d6c3ec704c78f0c5a1d83aee1ce8b54954d6a6a9d6f87,unknown,explicit_unrecovered,2026-07-29,terminal_payload_unrecovered,human_documented_terminal_gap,analysis-results/malware/efimer/versions/unknown/cases/88a809fd0fbcfe06987d6c3ec704c78f0c5a1d83aee1ce8b54954d6a6a9d6f87,analysis-results/malware/efimer/versions/unknown/cases/88a809fd0fbcfe06987d6c3ec704c78f0c5a1d83aee1ce8b54954d6a6a9d6f87/FEATURES.md
P1,efimer,88b1992718e4ba9abeec72bb8be2945c402354ca6a1407dfe09de0a8b773dec3,unknown,explicit_unrecovered,2026-07-22,terminal_payload_unrecovered,human_documented_terminal_gap,analysis-results/malware/efimer/versions/unknown/cases/88b1992718e4ba9abeec72bb8be2945c402354ca6a1407dfe09de0a8b773dec3,analysis-results/malware/efimer/versions/unknown/cases/88b1992718e4ba9abeec72bb8be2945c402354ca6a1407dfe09de0a8b773dec3/FEATURES.md
P1,efimer,8a5cd46a4e91474deaeea3fb1277bc993524a547bd09138a15fefa456155d4b6,unknown,explicit_unrecovered,2026-07-29,terminal_payload_unrecovered,human_documented_terminal_gap,analysis-results/malware/efimer/versions/unknown/cases/8a5cd46a4e91474deaeea3fb1277bc993524a547bd09138a15fefa456155d4b6,analysis-results/malware/efimer/versions/unknown/cases/8a5cd46a4e91474deaeea3fb1277bc993524a547bd09138a15fefa456155d4b6/FEATURES.md
P1,efimer,8c6c9763aa586346c2a5a29401d319ef45b737cd4d87c8f786ebc0086ba0ad1f,unknown,explicit_unrecovered,2026-07-30,terminal_payload_unrecovered,human_documented_terminal_gap,analysis-results/malware/efimer/versions/unknown/cases/8c6c9763aa586346c2a5a29401d319ef45b737cd4d87c8f786ebc0086ba0ad1f,analysis-results/malware/efimer/versions/unknown/cases/8c6c9763aa586346c2a5a29401d319ef45b737cd4d87c8f786ebc0086ba0ad1f/FEATURES.md
P1,efimer,8cd988e1f749a5e008128df6f2b7da55c2760fbcdf414f26260331db723e6a15,unknown,explicit_unrecovered,2026-07-30,terminal_payload_unrecovered,human_documented_terminal_gap,analysis-results/malware/efimer/versions/unknown/cases/8cd988e1f749a5e008128df6f2b7da55c2760fbcdf414f26260331db723e6a15,analysis-results/malware/efimer/versions/unknown/cases/8cd988e1f749a5e008128df6f2b7da55c2760fbcdf414f26260331db723e6a15/FEATURES.md
P1,efimer,91426a0ecbec54c757f946939bcfa983a365c12c4b4350d0565ecb46039ee353,unknown,explicit_unrecovered,2026-07-29,terminal_payload_unrecovered,human_documented_terminal_gap,analysis-results/malware/efimer/versions/unknown/cases/91426a0ecbec54c757f946939bcfa983a365c12c4b4350d0565ecb46039ee353,analysis-results/malware/efimer/versions/unknown/cases/91426a0ecbec54c757f946939bcfa983a365c12c4b4350d0565ecb46039ee353/FEATURES.md
P1,efimer,9250e9fd0d73df09d608a544d27f048089071562ceb40de3600e9b5d85fa5f50,unknown,explicit_unrecovered,2026-07-31,terminal_payload_unrecovered,human_documented_terminal_gap,analysis-results/malware/efimer/versions/unknown/cases/9250e9fd0d73df09d608a544d27f048089071562ceb40de3600e9b5d85fa5f50,analysis-results/malware/efimer/versions/unknown/cases/9250e9fd0d73df09d608a544d27f048089071562ceb40de3600e9b5d85fa5f50/FEATURES.md
P1,efimer,92b146eff8d54fff90445bd258e0e5a42f1277e213b9fa0137c7ab5074c01a46,unknown,explicit_unrecovered,2026-08-01,terminal_payload_unrecovered,human_documented_terminal_gap,analysis-results/malware/efimer/versions/unknown/cases/92b146eff8d54fff90445bd258e0e5a42f1277e213b9fa0137c7ab5074c01a46,analysis-results/malware/efimer/versions/unknown/cases/92b146eff8d54fff90445bd258e0e5a42f1277e213b9fa0137c7ab5074c01a46/FEATURES.md
P1,efimer,9454ca8bf4989d4088b8c80f430d852d13e85c09252275113d7132c0041dd1a9,unknown,explicit_unrecovered,2026-07-29,terminal_payload_unrecovered,human_documented_terminal_gap,analysis-results/malware/efimer/versions/unknown/cases/9454ca8bf4989d4088b8c80f430d852d13e85c09252275113d7132c0041dd1a9,analysis-results/malware/efimer/versions/unknown/cases/9454ca8bf4989d4088b8c80f430d852d13e85c09252275113d7132c0041dd1a9/FEATURES.md
P1,efimer,9c60f568244136d6ea1af2159ea85be3bb5058bbb464c8e4f979268dd9a9027f,unknown,explicit_unrecovered,2026-07-23,terminal_payload_unrecovered,human_documented_terminal_gap,analysis-results/malware/efimer/versions/unknown/cases/9c60f568244136d6ea1af2159ea85be3bb5058bbb464c8e4f979268dd9a9027f,analysis-results/malware/efimer/versions/unknown/cases/9c60f568244136d6ea1af2159ea85be3bb5058bbb464c8e4f979268dd9a9027f/FEATURES.md
P1,efimer,9f68c786b0d24c5dbc927ee347a3c6de9c4351a78de73f0c1128e8f7ee969431,unknown,explicit_unrecovered,2026-07-31,terminal_payload_unrecovered,human_documented_terminal_gap,analysis-results/malware/efimer/versions/unknown/cases/9f68c786b0d24c5dbc927ee347a3c6de9c4351a78de73f0c1128e8f7ee969431,analysis-results/malware/efimer/versions/unknown/cases/9f68c786b0d24c5dbc927ee347a3c6de9c4351a78de73f0c1128e8f7ee969431/FEATURES.md
P1,efimer,a006492687681003d32393ccdd5b050340342672a29698d3cc399e4e2471bcf5,unknown,explicit_unrecovered,2026-07-27,terminal_payload_unrecovered,human_documented_terminal_gap,analysis-results/malware/efimer/versions/unknown/cases/a006492687681003d32393ccdd5b050340342672a29698d3cc399e4e2471bcf5,analysis-results/malware/efimer/versions/unknown/cases/a006492687681003d32393ccdd5b050340342672a29698d3cc399e4e2471bcf5/FEATURES.md
P1,efimer,a0e092065fee647bd449bc16bc2026d2cd42633929fb77cef69132822e595b70,unknown,explicit_unrecovered,2026-07-22,terminal_payload_unrecovered,human_documented_terminal_gap,analysis-results/malware/efimer/versions/unknown/cases/a0e092065fee647bd449bc16bc2026d2cd42633929fb77cef69132822e595b70,analysis-results/malware/efimer/versions/unknown/cases/a0e092065fee647bd449bc16bc2026d2cd42633929fb77cef69132822e595b70/FEATURES.md
P1,efimer,a4764c06b55f26d9c4fff0b6fb01fc17b0f9da1411f8659583310e03421c2bef,unknown,explicit_unrecovered,2026-07-22,terminal_payload_unrecovered,human_documented_terminal_gap,analysis-results/malware/efimer/versions/unknown/cases/a4764c06b55f26d9c4fff0b6fb01fc17b0f9da1411f8659583310e03421c2bef,analysis-results/malware/efimer/versions/unknown/cases/a4764c06b55f26d9c4fff0b6fb01fc17b0f9da1411f8659583310e03421c2bef/FEATURES.md
P1,efimer,a4b32f5f53a64195ee0cea0ea67a51799d90b25e761f0fec8d38b81e75b8a3c1,unknown,explicit_unrecovered,2026-07-31,terminal_payload_unrecovered,human_documented_terminal_gap,analysis-results/malware/efimer/versions/unknown/cases/a4b32f5f53a64195ee0cea0ea67a51799d90b25e761f0fec8d38b81e75b8a3c1,analysis-results/malware/efimer/versions/unknown/cases/a4b32f5f53a64195ee0cea0ea67a51799d90b25e761f0fec8d38b81e75b8a3c1/FEATURES.md
P1,efimer,a698fd443f31acb8747f8f8a33460eb04952bf3437ff0e07236207acace850e8,unknown,explicit_unrecovered,2026-07-29,terminal_payload_unrecovered,human_documented_terminal_gap,analysis-results/malware/efimer/versions/unknown/cases/a698fd443f31acb8747f8f8a33460eb04952bf3437ff0e07236207acace850e8,analysis-results/malware/efimer/versions/unknown/cases/a698fd443f31acb8747f8f8a33460eb04952bf3437ff0e07236207acace850e8/FEATURES.md
P1,efimer,aa8e03cadb21e3939196e2658707563e7d6f1259b9d69f973b22ba494d1e49b4,unknown,explicit_unrecovered,2026-07-26,terminal_payload_unrecovered,human_documented_terminal_gap,analysis-results/malware/efimer/versions/unknown/cases/aa8e03cadb21e3939196e2658707563e7d6f1259b9d69f973b22ba494d1e49b4,analysis-results/malware/efimer/versions/unknown/cases/aa8e03cadb21e3939196e2658707563e7d6f1259b9d69f973b22ba494d1e49b4/FEATURES.md
P1,efimer,ac116b7e2f9a0c0ec6d2e6f679aacdf9fe7bce28c7e879c562f2d4c84ccb9897,unknown,explicit_unrecovered,2026-07-23,terminal_payload_unrecovered,human_documented_terminal_gap,analysis-results/malware/efimer/versions/unknown/cases/ac116b7e2f9a0c0ec6d2e6f679aacdf9fe7bce28c7e879c562f2d4c84ccb9897,analysis-results/malware/efimer/versions/unknown/cases/ac116b7e2f9a0c0ec6d2e6f679aacdf9fe7bce28c7e879c562f2d4c84ccb9897/FEATURES.md
P1,efimer,ad21776ed177bd75e1771cf39efbf97f0d1c4d809f7bf5c93e2d14f6317b0999,unknown,explicit_unrecovered,2026-07-30,terminal_payload_unrecovered,human_documented_terminal_gap,analysis-results/malware/efimer/versions/unknown/cases/ad21776ed177bd75e1771cf39efbf97f0d1c4d809f7bf5c93e2d14f6317b0999,analysis-results/malware/efimer/versions/unknown/cases/ad21776ed177bd75e1771cf39efbf97f0d1c4d809f7bf5c93e2d14f6317b0999/FEATURES.md
P1,efimer,af816bd1922f161670d19a9d70271722383c817590dfe047bbedca288e451e81,unknown,explicit_unrecovered,2026-07-31,terminal_payload_unrecovered,human_documented_terminal_gap,analysis-results/malware/efimer/versions/unknown/cases/af816bd1922f161670d19a9d70271722383c817590dfe047bbedca288e451e81,analysis-results/malware/efimer/versions/unknown/cases/af816bd1922f161670d19a9d70271722383c817590dfe047bbedca288e451e81/FEATURES.md
P1,efimer,b172dbfbe82bb1ab9455c62688e47256a16233c21925ac450cab33b708c0ede8,unknown,explicit_unrecovered,2026-07-22,terminal_payload_unrecovered,human_documented_terminal_gap,analysis-results/malware/efimer/versions/unknown/cases/b172dbfbe82bb1ab9455c62688e47256a16233c21925ac450cab33b708c0ede8,analysis-results/malware/efimer/versions/unknown/cases/b172dbfbe82bb1ab9455c62688e47256a16233c21925ac450cab33b708c0ede8/FEATURES.md
P1,efimer,b2239dd0af4d3ec78f4453294dfbf7f213b1a6f86969120277858e911eeef505,unknown,explicit_unrecovered,2026-07-23,terminal_payload_unrecovered,human_documented_terminal_gap,analysis-results/malware/efimer/versions/unknown/cases/b2239dd0af4d3ec78f4453294dfbf7f213b1a6f86969120277858e911eeef505,analysis-results/malware/efimer/versions/unknown/cases/b2239dd0af4d3ec78f4453294dfbf7f213b1a6f86969120277858e911eeef505/FEATURES.md
P1,efimer,b4f3acd50d0947aded733854216516d46990d57ce5e2cdcfdec432f0e498472a,unknown,explicit_unrecovered,2026-07-29,terminal_payload_unrecovered,human_documented_terminal_gap,analysis-results/malware/efimer/versions/unknown/cases/b4f3acd50d0947aded733854216516d46990d57ce5e2cdcfdec432f0e498472a,analysis-results/malware/efimer/versions/unknown/cases/b4f3acd50d0947aded733854216516d46990d57ce5e2cdcfdec432f0e498472a/FEATURES.md
P1,efimer,b76b2e67f36e85e2c7a2e6904ed92550991fd14743c3a004d8cf2a797d9c72f5,unknown,explicit_unrecovered,2026-07-30,terminal_payload_unrecovered,human_documented_terminal_gap,analysis-results/malware/efimer/versions/unknown/cases/b76b2e67f36e85e2c7a2e6904ed92550991fd14743c3a004d8cf2a797d9c72f5,analysis-results/malware/efimer/versions/unknown/cases/b76b2e67f36e85e2c7a2e6904ed92550991fd14743c3a004d8cf2a797d9c72f5/FEATURES.md
P1,efimer,b8e46b0ece6c02f2b6069a9cbe9686ce595d7ca59494214cc6d6ebaa9b5d072a,unknown,explicit_unrecovered,2026-07-30,terminal_payload_unrecovered,human_documented_terminal_gap,analysis-results/malware/efimer/versions/unknown/cases/b8e46b0ece6c02f2b6069a9cbe9686ce595d7ca59494214cc6d6ebaa9b5d072a,analysis-results/malware/efimer/versions/unknown/cases/b8e46b0ece6c02f2b6069a9cbe9686ce595d7ca59494214cc6d6ebaa9b5d072a/FEATURES.md
P1,efimer,bcb032caab1a92fa1257409a53bfa6d4704d8ed02b02572b0c6db1d206f5f870,unknown,explicit_unrecovered,2026-07-22,terminal_payload_unrecovered,human_documented_terminal_gap,analysis-results/malware/efimer/versions/unknown/cases/bcb032caab1a92fa1257409a53bfa6d4704d8ed02b02572b0c6db1d206f5f870,analysis-results/malware/efimer/versions/unknown/cases/bcb032caab1a92fa1257409a53bfa6d4704d8ed02b02572b0c6db1d206f5f870/FEATURES.md
P1,efimer,bcf7bd7b46d57c055e8cde4588dae1aee094cc225074e0b5430640e90a8468ff,unknown,explicit_unrecovered,2026-07-29,terminal_payload_unrecovered,human_documented_terminal_gap,analysis-results/malware/efimer/versions/unknown/cases/bcf7bd7b46d57c055e8cde4588dae1aee094cc225074e0b5430640e90a8468ff,analysis-results/malware/efimer/versions/unknown/cases/bcf7bd7b46d57c055e8cde4588dae1aee094cc225074e0b5430640e90a8468ff/FEATURES.md
P1,efimer,c182ae1a2d876ab0cdd0cc4e3f43d81a6f6b21018afaac20e63af350d234b818,unknown,explicit_unrecovered,2026-07-31,terminal_payload_unrecovered,human_documented_terminal_gap,analysis-results/malware/efimer/versions/unknown/cases/c182ae1a2d876ab0cdd0cc4e3f43d81a6f6b21018afaac20e63af350d234b818,analysis-results/malware/efimer/versions/unknown/cases/c182ae1a2d876ab0cdd0cc4e3f43d81a6f6b21018afaac20e63af350d234b818/FEATURES.md
P1,efimer,c28a7bf288adab51e1371dddf98d10cd81c6099cd346e6093f50b367c2cd0b46,unknown,explicit_unrecovered,2026-07-31,terminal_payload_unrecovered,human_documented_terminal_gap,analysis-results/malware/efimer/versions/unknown/cases/c28a7bf288adab51e1371dddf98d10cd81c6099cd346e6093f50b367c2cd0b46,analysis-results/malware/efimer/versions/unknown/cases/c28a7bf288adab51e1371dddf98d10cd81c6099cd346e6093f50b367c2cd0b46/FEATURES.md
P1,efimer,c2ae41bff71b9d5dd6d5845f1cda894729f406db9501c3afca402420b91515c0,unknown,explicit_unrecovered,2026-07-30,terminal_payload_unrecovered,human_documented_terminal_gap,analysis-results/malware/efimer/versions/unknown/cases/c2ae41bff71b9d5dd6d5845f1cda894729f406db9501c3afca402420b91515c0,analysis-results/malware/efimer/versions/unknown/cases/c2ae41bff71b9d5dd6d5845f1cda894729f406db9501c3afca402420b91515c0/FEATURES.md
P1,efimer,c5125a9712a4bece5cc1d53da1914ec5ac7ba147ab37242b03ce488bc2909137,unknown,explicit_unrecovered,2026-08-07,terminal_payload_unrecovered,human_documented_terminal_gap,analysis-results/malware/efimer/versions/unknown/cases/c5125a9712a4bece5cc1d53da1914ec5ac7ba147ab37242b03ce488bc2909137,analysis-results/malware/efimer/versions/unknown/cases/c5125a9712a4bece5cc1d53da1914ec5ac7ba147ab37242b03ce488bc2909137/FEATURES.md
P1,efimer,c7fe4c7b2e1ddbdabce5f1c89ef97c8c40bd7a7a5a0ac07761fd8ebcf5ca7187,unknown,explicit_unrecovered,2026-07-22,terminal_payload_unrecovered,human_documented_terminal_gap,analysis-results/malware/efimer/versions/unknown/cases/c7fe4c7b2e1ddbdabce5f1c89ef97c8c40bd7a7a5a0ac07761fd8ebcf5ca7187,analysis-results/malware/efimer/versions/unknown/cases/c7fe4c7b2e1ddbdabce5f1c89ef97c8c40bd7a7a5a0ac07761fd8ebcf5ca7187/FEATURES.md
P1,efimer,cc21168e7a28352288ff3daea0adaa3c7a4ace0b7c07a1411039c5dd6d47c66f,unknown,explicit_unrecovered,2026-07-29,terminal_payload_unrecovered,human_documented_terminal_gap,analysis-results/malware/efimer/versions/unknown/cases/cc21168e7a28352288ff3daea0adaa3c7a4ace0b7c07a1411039c5dd6d47c66f,analysis-results/malware/efimer/versions/unknown/cases/cc21168e7a28352288ff3daea0adaa3c7a4ace0b7c07a1411039c5dd6d47c66f/FEATURES.md
P1,efimer,cdde719462e36f6a902e40859fab9e057acc944a02cc56c43353ab449efe6105,unknown,explicit_unrecovered,2026-08-07,terminal_payload_unrecovered,human_documented_terminal_gap,analysis-results/malware/efimer/versions/unknown/cases/cdde719462e36f6a902e40859fab9e057acc944a02cc56c43353ab449efe6105,analysis-results/malware/efimer/versions/unknown/cases/cdde719462e36f6a902e40859fab9e057acc944a02cc56c43353ab449efe6105/FEATURES.md
P1,efimer,d0c0dc10447e81afa7b17ececeb7ad616a8a7b58fa9dbe70f03165fcea0a9f71,unknown,explicit_unrecovered,2026-07-29,terminal_payload_unrecovered,human_documented_terminal_gap,analysis-results/malware/efimer/versions/unknown/cases/d0c0dc10447e81afa7b17ececeb7ad616a8a7b58fa9dbe70f03165fcea0a9f71,analysis-results/malware/efimer/versions/unknown/cases/d0c0dc10447e81afa7b17ececeb7ad616a8a7b58fa9dbe70f03165fcea0a9f71/FEATURES.md
P1,efimer,d1aa14da8393421a6f3a418d6241457a8346bbc9ebc2bad656d1ad50a20e53bf,unknown,explicit_unrecovered,2026-07-31,terminal_payload_unrecovered,human_documented_terminal_gap,analysis-results/malware/efimer/versions/unknown/cases/d1aa14da8393421a6f3a418d6241457a8346bbc9ebc2bad656d1ad50a20e53bf,analysis-results/malware/efimer/versions/unknown/cases/d1aa14da8393421a6f3a418d6241457a8346bbc9ebc2bad656d1ad50a20e53bf/FEATURES.md
P1,efimer,d61490bdfd028dc0f5245425793702e06c5cea7bf7ed00476e9c935973119332,unknown,explicit_unrecovered,2026-07-31,terminal_payload_unrecovered,human_documented_terminal_gap,analysis-results/malware/efimer/versions/unknown/cases/d61490bdfd028dc0f5245425793702e06c5cea7bf7ed00476e9c935973119332,analysis-results/malware/efimer/versions/unknown/cases/d61490bdfd028dc0f5245425793702e06c5cea7bf7ed00476e9c935973119332/FEATURES.md
P1,efimer,d688bd08f76ebea82a1944ccd0213a8cacfc91377fcde9dcf17df8b9b6311129,unknown,explicit_unrecovered,2026-07-30,terminal_payload_unrecovered,human_documented_terminal_gap,analysis-results/malware/efimer/versions/unknown/cases/d688bd08f76ebea82a1944ccd0213a8cacfc91377fcde9dcf17df8b9b6311129,analysis-results/malware/efimer/versions/unknown/cases/d688bd08f76ebea82a1944ccd0213a8cacfc91377fcde9dcf17df8b9b6311129/FEATURES.md
P1,efimer,d7676d0f24364b278a6dd2b1c5fd34f688881cf3ff9e53e1e40f1b4048b7ce28,unknown,explicit_unrecovered,2026-07-29,terminal_payload_unrecovered,human_documented_terminal_gap,analysis-results/malware/efimer/versions/unknown/cases/d7676d0f24364b278a6dd2b1c5fd34f688881cf3ff9e53e1e40f1b4048b7ce28,analysis-results/malware/efimer/versions/unknown/cases/d7676d0f24364b278a6dd2b1c5fd34f688881cf3ff9e53e1e40f1b4048b7ce28/FEATURES.md
P1,efimer,d9438d408b84c4163116e57198768a83300895f442e0129e202cc2184b18cffb,unknown,explicit_unrecovered,2026-08-01,terminal_payload_unrecovered,human_documented_terminal_gap,analysis-results/malware/efimer/versions/unknown/cases/d9438d408b84c4163116e57198768a83300895f442e0129e202cc2184b18cffb,analysis-results/malware/efimer/versions/unknown/cases/d9438d408b84c4163116e57198768a83300895f442e0129e202cc2184b18cffb/FEATURES.md
P1,efimer,dcc4899e3c3a30ba66cb03b92ff74755338f422f4ba47f1060a9503dde31fdfd,unknown,explicit_unrecovered,2026-07-31,terminal_payload_unrecovered,human_documented_terminal_gap,analysis-results/malware/efimer/versions/unknown/cases/dcc4899e3c3a30ba66cb03b92ff74755338f422f4ba47f1060a9503dde31fdfd,analysis-results/malware/efimer/versions/unknown/cases/dcc4899e3c3a30ba66cb03b92ff74755338f422f4ba47f1060a9503dde31fdfd/FEATURES.md
P1,efimer,dda624c840fa96b71a6624d281fc84bc6bc70a7a550d96072bada7419a9a86ee,unknown,explicit_unrecovered,2026-07-30,terminal_payload_unrecovered,human_documented_terminal_gap,analysis-results/malware/efimer/versions/unknown/cases/dda624c840fa96b71a6624d281fc84bc6bc70a7a550d96072bada7419a9a86ee,analysis-results/malware/efimer/versions/unknown/cases/dda624c840fa96b71a6624d281fc84bc6bc70a7a550d96072bada7419a9a86ee/FEATURES.md
P1,efimer,de35fbf32bd9060123a1c4475d2c5e5a455c1f752e198fc2fc4fcb0cd9805fc1,unknown,explicit_unrecovered,2026-07-23,terminal_payload_unrecovered,human_documented_terminal_gap,analysis-results/malware/efimer/versions/unknown/cases/de35fbf32bd9060123a1c4475d2c5e5a455c1f752e198fc2fc4fcb0cd9805fc1,analysis-results/malware/efimer/versions/unknown/cases/de35fbf32bd9060123a1c4475d2c5e5a455c1f752e198fc2fc4fcb0cd9805fc1/FEATURES.md
P1,efimer,df8056bd298f4fd5bc18e419e525f4ee8bda52496b45806d6505ecc2c2ab7f99,unknown,explicit_unrecovered,2026-07-23,terminal_payload_unrecovered,human_documented_terminal_gap,analysis-results/malware/efimer/versions/unknown/cases/df8056bd298f4fd5bc18e419e525f4ee8bda52496b45806d6505ecc2c2ab7f99,analysis-results/malware/efimer/versions/unknown/cases/df8056bd298f4fd5bc18e419e525f4ee8bda52496b45806d6505ecc2c2ab7f99/FEATURES.md
P1,efimer,e0968fdd46a966fd96963e0c082c826f0f4f68c6ae7c47db740e375b838a5166,unknown,explicit_unrecovered,2026-07-29,terminal_payload_unrecovered,human_documented_terminal_gap,analysis-results/malware/efimer/versions/unknown/cases/e0968fdd46a966fd96963e0c082c826f0f4f68c6ae7c47db740e375b838a5166,analysis-results/malware/efimer/versions/unknown/cases/e0968fdd46a966fd96963e0c082c826f0f4f68c6ae7c47db740e375b838a5166/FEATURES.md
P1,efimer,e0e69bb3ffd353720874b03724fa6e8cf51021ba5ff2676582dbff4d44ee234e,unknown,explicit_unrecovered,2026-07-31,terminal_payload_unrecovered,human_documented_terminal_gap,analysis-results/malware/efimer/versions/unknown/cases/e0e69bb3ffd353720874b03724fa6e8cf51021ba5ff2676582dbff4d44ee234e,analysis-results/malware/efimer/versions/unknown/cases/e0e69bb3ffd353720874b03724fa6e8cf51021ba5ff2676582dbff4d44ee234e/FEATURES.md
P1,efimer,e15b78ffb8b880b99ea1dbc2f51d1426fa0d72da39c10e5a0e364d62ccfaa1ce,unknown,explicit_unrecovered,2026-07-27,terminal_payload_unrecovered,human_documented_terminal_gap,analysis-results/malware/efimer/versions/unknown/cases/e15b78ffb8b880b99ea1dbc2f51d1426fa0d72da39c10e5a0e364d62ccfaa1ce,analysis-results/malware/efimer/versions/unknown/cases/e15b78ffb8b880b99ea1dbc2f51d1426fa0d72da39c10e5a0e364d62ccfaa1ce/FEATURES.md
P1,efimer,e2285fd2c1e26a1d394c23a73756f71540e2b9d78486c9f4f67d1fe3a370500e,unknown,explicit_unrecovered,2026-07-28,terminal_payload_unrecovered,human_documented_terminal_gap,analysis-results/malware/efimer/versions/unknown/cases/e2285fd2c1e26a1d394c23a73756f71540e2b9d78486c9f4f67d1fe3a370500e,analysis-results/malware/efimer/versions/unknown/cases/e2285fd2c1e26a1d394c23a73756f71540e2b9d78486c9f4f67d1fe3a370500e/FEATURES.md
P1,efimer,e3620b7fe4c3cbdf89ac002190d6b04eaa810094fb657fd5351b0faeb1df7326,unknown,explicit_unrecovered,2026-08-01,terminal_payload_unrecovered,human_documented_terminal_gap,analysis-results/malware/efimer/versions/unknown/cases/e3620b7fe4c3cbdf89ac002190d6b04eaa810094fb657fd5351b0faeb1df7326,analysis-results/malware/efimer/versions/unknown/cases/e3620b7fe4c3cbdf89ac002190d6b04eaa810094fb657fd5351b0faeb1df7326/FEATURES.md
P1,efimer,e3fd70ee3f7e5da3d77af2bde5e7eddbc6a9df6b3e8df62aafbd28fdcd65bd27,unknown,explicit_unrecovered,2026-07-23,terminal_payload_unrecovered,human_documented_terminal_gap,analysis-results/malware/efimer/versions/unknown/cases/e3fd70ee3f7e5da3d77af2bde5e7eddbc6a9df6b3e8df62aafbd28fdcd65bd27,analysis-results/malware/efimer/versions/unknown/cases/e3fd70ee3f7e5da3d77af2bde5e7eddbc6a9df6b3e8df62aafbd28fdcd65bd27/FEATURES.md
P1,efimer,e471b7a12992dc0d44743f6aff67fd96dd30d045399143b8c8e4042653748326,unknown,explicit_unrecovered,2026-07-20,terminal_config_unrecovered,human_documented_terminal_gap,analysis-results/malware/efimer/versions/unknown/cases/e471b7a12992dc0d44743f6aff67fd96dd30d045399143b8c8e4042653748326,analysis-results/malware/efimer/versions/unknown/cases/e471b7a12992dc0d44743f6aff67fd96dd30d045399143b8c8e4042653748326/README.md
P1,efimer,ebd324704d3507e18123c7abf8ff670c163154f18ecd85c187e7d2e813fd63b5,unknown,explicit_unrecovered,2026-07-31,terminal_payload_unrecovered,human_documented_terminal_gap,analysis-results/malware/efimer/versions/unknown/cases/ebd324704d3507e18123c7abf8ff670c163154f18ecd85c187e7d2e813fd63b5,analysis-results/malware/efimer/versions/unknown/cases/ebd324704d3507e18123c7abf8ff670c163154f18ecd85c187e7d2e813fd63b5/FEATURES.md
P1,efimer,eddcc00fbbaa2823bdfc0ce09f0c4d1f13de9ced5d54deaeda103739a67d0881,unknown,explicit_unrecovered,2026-07-23,terminal_payload_unrecovered,human_documented_terminal_gap,analysis-results/malware/efimer/versions/unknown/cases/eddcc00fbbaa2823bdfc0ce09f0c4d1f13de9ced5d54deaeda103739a67d0881,analysis-results/malware/efimer/versions/unknown/cases/eddcc00fbbaa2823bdfc0ce09f0c4d1f13de9ced5d54deaeda103739a67d0881/FEATURES.md
P1,efimer,efadd757ffcdc156c9dbcac6745e70be5ca5174636d8853518839da82cf7e7b6,unknown,explicit_unrecovered,2026-07-22,terminal_payload_unrecovered,human_documented_terminal_gap,analysis-results/malware/efimer/versions/unknown/cases/efadd757ffcdc156c9dbcac6745e70be5ca5174636d8853518839da82cf7e7b6,analysis-results/malware/efimer/versions/unknown/cases/efadd757ffcdc156c9dbcac6745e70be5ca5174636d8853518839da82cf7e7b6/FEATURES.md
P1,efimer,f02758770d616fc8ff7ddbe5caf069d4bbd2bae5422a32a95cfa8c7f6a0a9b8d,unknown,explicit_unrecovered,2026-07-26,terminal_payload_unrecovered,human_documented_terminal_gap,analysis-results/malware/efimer/versions/unknown/cases/f02758770d616fc8ff7ddbe5caf069d4bbd2bae5422a32a95cfa8c7f6a0a9b8d,analysis-results/malware/efimer/versions/unknown/cases/f02758770d616fc8ff7ddbe5caf069d4bbd2bae5422a32a95cfa8c7f6a0a9b8d/FEATURES.md
P1,efimer,f07605b995cf701ea40c0d4a535c5c8cc256b004d67d80ee2876ebf0dc0eb680,unknown,explicit_unrecovered,2026-07-31,terminal_payload_unrecovered,human_documented_terminal_gap,analysis-results/malware/efimer/versions/unknown/cases/f07605b995cf701ea40c0d4a535c5c8cc256b004d67d80ee2876ebf0dc0eb680,analysis-results/malware/efimer/versions/unknown/cases/f07605b995cf701ea40c0d4a535c5c8cc256b004d67d80ee2876ebf0dc0eb680/FEATURES.md
P1,efimer,f1364dc74d53b9ea08064172a21cabdb9fca69e78884c01799abafd1bd864ef1,unknown,explicit_unrecovered,2026-07-28,terminal_payload_unrecovered,human_documented_terminal_gap,analysis-results/malware/efimer/versions/unknown/cases/f1364dc74d53b9ea08064172a21cabdb9fca69e78884c01799abafd1bd864ef1,analysis-results/malware/efimer/versions/unknown/cases/f1364dc74d53b9ea08064172a21cabdb9fca69e78884c01799abafd1bd864ef1/FEATURES.md
P1,efimer,f4c32b3f9a949e5a17ff0b8ad130ba5ca15e5d9a037c7a97dcc68a6b4c3212f7,unknown,explicit_unrecovered,2026-07-28,terminal_payload_unrecovered,human_documented_terminal_gap,analysis-results/malware/efimer/versions/unknown/cases/f4c32b3f9a949e5a17ff0b8ad130ba5ca15e5d9a037c7a97dcc68a6b4c3212f7,analysis-results/malware/efimer/versions/unknown/cases/f4c32b3f9a949e5a17ff0b8ad130ba5ca15e5d9a037c7a97dcc68a6b4c3212f7/FEATURES.md
P1,efimer,f5a92dcadc6bed2e1cf5efff18221929b0a3fbb7db1a69f26f53f4c7295fab35,unknown,explicit_unrecovered,2026-07-22,terminal_payload_unrecovered,human_documented_terminal_gap,analysis-results/malware/efimer/versions/unknown/cases/f5a92dcadc6bed2e1cf5efff18221929b0a3fbb7db1a69f26f53f4c7295fab35,analysis-results/malware/efimer/versions/unknown/cases/f5a92dcadc6bed2e1cf5efff18221929b0a3fbb7db1a69f26f53f4c7295fab35/FEATURES.md
P1,efimer,f7a5a8053c29252ae6d1e898a93b4f73363768a23a5b779952fc71a1ca3f2e44,unknown,explicit_unrecovered,2026-07-31,terminal_payload_unrecovered,human_documented_terminal_gap,analysis-results/malware/efimer/versions/unknown/cases/f7a5a8053c29252ae6d1e898a93b4f73363768a23a5b779952fc71a1ca3f2e44,analysis-results/malware/efimer/versions/unknown/cases/f7a5a8053c29252ae6d1e898a93b4f73363768a23a5b779952fc71a1ca3f2e44/FEATURES.md
P1,efimer,fbe8582b193be1657f0576d7435763d426cf4bff6661b081a3bf75462d7477dc,unknown,explicit_unrecovered,2026-07-30,terminal_payload_unrecovered,human_documented_terminal_gap,analysis-results/malware/efimer/versions/unknown/cases/fbe8582b193be1657f0576d7435763d426cf4bff6661b081a3bf75462d7477dc,analysis-results/malware/efimer/versions/unknown/cases/fbe8582b193be1657f0576d7435763d426cf4bff6661b081a3bf75462d7477dc/FEATURES.md
P1,efimer,fd9dec7ac8b45ddebec3fa88dfa1758afedcbe530d1a824c3857fc77fe3ffd69,unknown,explicit_unrecovered,2026-07-30,terminal_payload_unrecovered,human_documented_terminal_gap,analysis-results/malware/efimer/versions/unknown/cases/fd9dec7ac8b45ddebec3fa88dfa1758afedcbe530d1a824c3857fc77fe3ffd69,analysis-results/malware/efimer/versions/unknown/cases/fd9dec7ac8b45ddebec3fa88dfa1758afedcbe530d1a824c3857fc77fe3ffd69/FEATURES.md
P1,formbook,20cdcfc958897b318418dce7c7f6308e3481731f09fac0772d0fd27d4e66e528,unknown,explicit_unrecovered,2026-08-03,terminal_payload_unrecovered,human_documented_terminal_gap,analysis-results/malware/formbook/versions/unknown/cases/20cdcfc958897b318418dce7c7f6308e3481731f09fac0772d0fd27d4e66e528,analysis-results/malware/formbook/versions/unknown/cases/20cdcfc958897b318418dce7c7f6308e3481731f09fac0772d0fd27d4e66e528/FEATURES.md
P1,formbook,7906d425e122ae7f4922dbeff8c261be021a921c5f13471a470c60c583280504,unknown,explicit_unrecovered,,terminal_payload_unrecovered,human_documented_terminal_gap,analysis-results/malware/formbook/versions/unknown/cases/7906d425e122ae7f4922dbeff8c261be021a921c5f13471a470c60c583280504,analysis-results/malware/formbook/versions/unknown/cases/7906d425e122ae7f4922dbeff8c261be021a921c5f13471a470c60c583280504/FEATURES.md
P1,formbook,9344ddd2906925b386bad207e1fb416739a5657a7103feed770d6d6b8d042556,unknown,explicit_unrecovered,,terminal_payload_unrecovered,human_documented_terminal_gap,analysis-results/malware/formbook/versions/unknown/cases/9344ddd2906925b386bad207e1fb416739a5657a7103feed770d6d6b8d042556,analysis-results/malware/formbook/versions/unknown/cases/9344ddd2906925b386bad207e1fb416739a5657a7103feed770d6d6b8d042556/FEATURES.md
P1,formbook,dc5ced17f0c85fef8a1fa466796a84fb83592eb7c8a86302d9b0cc9e5837c140,unknown,explicit_unrecovered,2026-07-23,terminal_payload_unrecovered,human_documented_terminal_gap,analysis-results/malware/formbook/versions/unknown/cases/dc5ced17f0c85fef8a1fa466796a84fb83592eb7c8a86302d9b0cc9e5837c140,analysis-results/malware/formbook/versions/unknown/cases/dc5ced17f0c85fef8a1fa466796a84fb83592eb7c8a86302d9b0cc9e5837c140/FEATURES.md
P1,formbook,f0e29d11e1800cf4ef616458f74cd3cfccd0e39559423344e92574fc78023259,unknown,explicit_unrecovered,2026-08-06,terminal_payload_unrecovered,human_documented_terminal_gap,analysis-results/malware/formbook/versions/unknown/cases/f0e29d11e1800cf4ef616458f74cd3cfccd0e39559423344e92574fc78023259,analysis-results/malware/formbook/versions/unknown/cases/f0e29d11e1800cf4ef616458f74cd3cfccd0e39559423344e92574fc78023259/FEATURES.md
P1,freepbx-k-php,366000d889c91ca66b3c0f55b6b2f5670a610c764ea516cf31f2aafad67f4171,unknown,explicit_unrecovered,2026-07-20,terminal_config_unrecovered;terminal_payload_unrecovered,human_documented_terminal_gap,analysis-results/malware/freepbx-k-php/versions/unknown/cases/366000d889c91ca66b3c0f55b6b2f5670a610c764ea516cf31f2aafad67f4171,analysis-results/malware/freepbx-k-php/versions/unknown/cases/366000d889c91ca66b3c0f55b6b2f5670a610c764ea516cf31f2aafad67f4171/README.md
P1,hijackloader,3db527a58b83f8422fc10029f337d5663005d2ca1a1667fb221e6672ed5ba360,unknown,explicit_unrecovered,2026-07-23,terminal_payload_unrecovered,human_documented_terminal_gap,analysis-results/malware/hijackloader/versions/unknown/cases/3db527a58b83f8422fc10029f337d5663005d2ca1a1667fb221e6672ed5ba360,analysis-results/malware/hijackloader/versions/unknown/cases/3db527a58b83f8422fc10029f337d5663005d2ca1a1667fb221e6672ed5ba360/FEATURES.md
P1,hijackloader,62e631c68ba9392dc91e19cdc4f5e00bc0e303764c9f5c27ce2be6bf40bcc933,unknown,explicit_unrecovered,2026-07-27,terminal_payload_unrecovered,human_documented_terminal_gap,analysis-results/malware/hijackloader/versions/unknown/cases/62e631c68ba9392dc91e19cdc4f5e00bc0e303764c9f5c27ce2be6bf40bcc933,analysis-results/malware/hijackloader/versions/unknown/cases/62e631c68ba9392dc91e19cdc4f5e00bc0e303764c9f5c27ce2be6bf40bcc933/FEATURES.md
P1,hijackloader,92a067220d9901fc3607beac75cdd6a77154b37dda68fe126e1797f9b3045b29,unknown,explicit_unrecovered,2026-07-23,terminal_payload_unrecovered,human_documented_terminal_gap,analysis-results/malware/hijackloader/versions/unknown/cases/92a067220d9901fc3607beac75cdd6a77154b37dda68fe126e1797f9b3045b29,analysis-results/malware/hijackloader/versions/unknown/cases/92a067220d9901fc3607beac75cdd6a77154b37dda68fe126e1797f9b3045b29/FEATURES.md
P1,hijackloader,e149f36cb6c001aa340c388d7684c8a055f59152026e8e0d1d678264d7c084d7,unknown,explicit_unrecovered,2026-07-22,terminal_payload_unrecovered,human_documented_terminal_gap,analysis-results/malware/hijackloader/versions/unknown/cases/e149f36cb6c001aa340c388d7684c8a055f59152026e8e0d1d678264d7c084d7,analysis-results/malware/hijackloader/versions/unknown/cases/e149f36cb6c001aa340c388d7684c8a055f59152026e8e0d1d678264d7c084d7/FEATURES.md
P1,hijackloader,ef56d1386af7c97a5cd0b70c261de7e87f6c00894e3f30856adfc750a7b73b3b,unknown,explicit_unrecovered,2026-07-27,terminal_payload_unrecovered,human_documented_terminal_gap,analysis-results/malware/hijackloader/versions/unknown/cases/ef56d1386af7c97a5cd0b70c261de7e87f6c00894e3f30856adfc750a7b73b3b,analysis-results/malware/hijackloader/versions/unknown/cases/ef56d1386af7c97a5cd0b70c261de7e87f6c00894e3f30856adfc750a7b73b3b/FEATURES.md
P1,latrodectus,5cecb26a3f33c24b92a0c8f6f5175da0664b21d7c4216a41694e4a4cad233ca8,unknown,explicit_unrecovered,,terminal_config_unrecovered;terminal_payload_unrecovered,aes_ctr_string_generation;human_documented_terminal_gap;static_config_not_recovered,analysis-results/malware/latrodectus/versions/unknown/cases/5cecb26a3f33c24b92a0c8f6f5175da0664b21d7c4216a41694e4a4cad233ca8,analysis-framework/inventories/static-hard-cases.yaml;analysis-results/malware/latrodectus/versions/unknown/cases/5cecb26a3f33c24b92a0c8f6f5175da0664b21d7c4216a41694e4a4cad233ca8/FEATURES.md
P1,linux-downloader,8be4b164cca3f97f85398cc7f0cdd140bcd013b865b28546618f162cf474e0f0,2026-07-mirai-multiarc,explicit_unrecovered,2026-07-20,terminal_payload_unrecovered,human_documented_terminal_gap,analysis-results/malware/linux-downloader/versions/2026-07-mirai-multiarc/cases/8be4b164cca3f97f85398cc7f0cdd140bcd013b865b28546618f162cf474e0f0,analysis-results/malware/linux-downloader/versions/2026-07-mirai-multiarc/cases/8be4b164cca3f97f85398cc7f0cdd140bcd013b865b28546618f162cf474e0f0/README.md
P1,linux-reverse-shell,4ad616e69c44ec02ab7f1a35de0bad65d5ceab158f3a7478e7a9b8cbcc8ed1ed,unknown,explicit_unrecovered,2026-07-20,terminal_config_unrecovered;terminal_payload_unrecovered,human_documented_terminal_gap,analysis-results/malware/linux-reverse-shell/versions/unknown/cases/4ad616e69c44ec02ab7f1a35de0bad65d5ceab158f3a7478e7a9b8cbcc8ed1ed,analysis-results/malware/linux-reverse-shell/versions/unknown/cases/4ad616e69c44ec02ab7f1a35de0bad65d5ceab158f3a7478e7a9b8cbcc8ed1ed/README.md
P1,lummastealer,009b2025c43202f2c643e46d27b30ca5e0f33b7da37841a661838aa07ac34938,unknown,explicit_unrecovered,,terminal_payload_unrecovered,human_documented_terminal_gap,analysis-results/malware/lummastealer/versions/unknown/cases/009b2025c43202f2c643e46d27b30ca5e0f33b7da37841a661838aa07ac34938,analysis-results/malware/lummastealer/versions/unknown/cases/009b2025c43202f2c643e46d27b30ca5e0f33b7da37841a661838aa07ac34938/FEATURES.md
P1,lummastealer,060618b911a7022394c88e195aa477157d366363f76ed4b86f0cc3b635908cc3,unknown,explicit_unrecovered,,terminal_payload_unrecovered,human_documented_terminal_gap,analysis-results/malware/lummastealer/versions/unknown/cases/060618b911a7022394c88e195aa477157d366363f76ed4b86f0cc3b635908cc3,analysis-results/malware/lummastealer/versions/unknown/cases/060618b911a7022394c88e195aa477157d366363f76ed4b86f0cc3b635908cc3/FEATURES.md
P1,lummastealer,18768e002f6f953ad6b9f3265d6e438ec19d0ffa05afaf28a72a04417c35528c,unknown,explicit_unrecovered,,terminal_payload_unrecovered,human_documented_terminal_gap,analysis-results/malware/lummastealer/versions/unknown/cases/18768e002f6f953ad6b9f3265d6e438ec19d0ffa05afaf28a72a04417c35528c,analysis-results/malware/lummastealer/versions/unknown/cases/18768e002f6f953ad6b9f3265d6e438ec19d0ffa05afaf28a72a04417c35528c/FEATURES.md
P1,lummastealer,3368d54f30631c9e305f6df3464e08b6b4f24eebdb605240c44b144deed717fa,unknown,explicit_unrecovered,,terminal_payload_unrecovered,human_documented_terminal_gap,analysis-results/malware/lummastealer/versions/unknown/cases/3368d54f30631c9e305f6df3464e08b6b4f24eebdb605240c44b144deed717fa,analysis-results/malware/lummastealer/versions/unknown/cases/3368d54f30631c9e305f6df3464e08b6b4f24eebdb605240c44b144deed717fa/FEATURES.md
P1,lummastealer,4e5b2ae91379b8069c04c6639bb0bca5ddea0dde567bea8cb9bc9822b9cdda0d,unknown,explicit_unrecovered,,terminal_payload_unrecovered,human_documented_terminal_gap,analysis-results/malware/lummastealer/versions/unknown/cases/4e5b2ae91379b8069c04c6639bb0bca5ddea0dde567bea8cb9bc9822b9cdda0d,analysis-results/malware/lummastealer/versions/unknown/cases/4e5b2ae91379b8069c04c6639bb0bca5ddea0dde567bea8cb9bc9822b9cdda0d/FEATURES.md
P1,lummastealer,4e732364c5335ed8b999528110f954bf88717fbfe865639d8daa4485d9d82410,unknown,explicit_unrecovered,,terminal_payload_unrecovered,human_documented_terminal_gap,analysis-results/malware/lummastealer/versions/unknown/cases/4e732364c5335ed8b999528110f954bf88717fbfe865639d8daa4485d9d82410,analysis-results/malware/lummastealer/versions/unknown/cases/4e732364c5335ed8b999528110f954bf88717fbfe865639d8daa4485d9d82410/FEATURES.md
P1,lummastealer,56970a928b7e73504022d0e856ab131d262247b03b3cc082dc950a8e8d2e276b,unknown,explicit_unrecovered,,terminal_payload_unrecovered,human_documented_terminal_gap,analysis-results/malware/lummastealer/versions/unknown/cases/56970a928b7e73504022d0e856ab131d262247b03b3cc082dc950a8e8d2e276b,analysis-results/malware/lummastealer/versions/unknown/cases/56970a928b7e73504022d0e856ab131d262247b03b3cc082dc950a8e8d2e276b/FEATURES.md
P1,lummastealer,817ac7a4ee5b546a812b129c9b9cfbb4581988bd95ac3e2a32a83b82f1bf430c,unknown,explicit_unrecovered,,terminal_payload_unrecovered,human_documented_terminal_gap,analysis-results/malware/lummastealer/versions/unknown/cases/817ac7a4ee5b546a812b129c9b9cfbb4581988bd95ac3e2a32a83b82f1bf430c,analysis-results/malware/lummastealer/versions/unknown/cases/817ac7a4ee5b546a812b129c9b9cfbb4581988bd95ac3e2a32a83b82f1bf430c/FEATURES.md
P1,lummastealer,89c66cb60337dd2f0901bed8919fe22ad88ae1874e92977cba2f9b37cf79dd5a,unknown,explicit_unrecovered,,terminal_payload_unrecovered,human_documented_terminal_gap,analysis-results/malware/lummastealer/versions/unknown/cases/89c66cb60337dd2f0901bed8919fe22ad88ae1874e92977cba2f9b37cf79dd5a,analysis-results/malware/lummastealer/versions/unknown/cases/89c66cb60337dd2f0901bed8919fe22ad88ae1874e92977cba2f9b37cf79dd5a/FEATURES.md
P1,lummastealer,9817c80e1108f291efd2eb04a7b5abc8ca5895788b8a3934d1c3dded97d4b124,unknown,explicit_unrecovered,,terminal_payload_unrecovered,human_documented_terminal_gap,analysis-results/malware/lummastealer/versions/unknown/cases/9817c80e1108f291efd2eb04a7b5abc8ca5895788b8a3934d1c3dded97d4b124,analysis-results/malware/lummastealer/versions/unknown/cases/9817c80e1108f291efd2eb04a7b5abc8ca5895788b8a3934d1c3dded97d4b124/FEATURES.md
P1,lummastealer,a6feb3ea4e8dcff0eaea4c8b89b3dc728e0cfe7ea2729c5e25d1f0b6bbfc3453,unknown,explicit_unrecovered,,terminal_payload_unrecovered,human_documented_terminal_gap,analysis-results/malware/lummastealer/versions/unknown/cases/a6feb3ea4e8dcff0eaea4c8b89b3dc728e0cfe7ea2729c5e25d1f0b6bbfc3453,analysis-results/malware/lummastealer/versions/unknown/cases/a6feb3ea4e8dcff0eaea4c8b89b3dc728e0cfe7ea2729c5e25d1f0b6bbfc3453/FEATURES.md
P1,lummastealer,a8760de45ed2bdda90fea6b136b5a3c5afdfdce4c1b05d3c4ab76e92f308ae36,unknown,explicit_unrecovered,,terminal_payload_unrecovered,human_documented_terminal_gap,analysis-results/malware/lummastealer/versions/unknown/cases/a8760de45ed2bdda90fea6b136b5a3c5afdfdce4c1b05d3c4ab76e92f308ae36,analysis-results/malware/lummastealer/versions/unknown/cases/a8760de45ed2bdda90fea6b136b5a3c5afdfdce4c1b05d3c4ab76e92f308ae36/FEATURES.md
P1,lummastealer,b2930dcb9a593f79105aa4fecc4f67d3db99273858c42845a553585975307408,unknown,explicit_unrecovered,,terminal_payload_unrecovered,human_documented_terminal_gap,analysis-results/malware/lummastealer/versions/unknown/cases/b2930dcb9a593f79105aa4fecc4f67d3db99273858c42845a553585975307408,analysis-results/malware/lummastealer/versions/unknown/cases/b2930dcb9a593f79105aa4fecc4f67d3db99273858c42845a553585975307408/FEATURES.md
P1,lummastealer,b435de3e50714d774f42cfdefd710519915e7f987f69da8d5fc1963961519844,unknown,explicit_unrecovered,,terminal_payload_unrecovered,human_documented_terminal_gap,analysis-results/malware/lummastealer/versions/unknown/cases/b435de3e50714d774f42cfdefd710519915e7f987f69da8d5fc1963961519844,analysis-results/malware/lummastealer/versions/unknown/cases/b435de3e50714d774f42cfdefd710519915e7f987f69da8d5fc1963961519844/FEATURES.md
P1,lummastealer,b9b7602e0b929dd2bae9e87b53d5ab1e0a236fe466ea4628c3b8fc32cc2ed899,unknown,explicit_unrecovered,,terminal_payload_unrecovered,human_documented_terminal_gap,analysis-results/malware/lummastealer/versions/unknown/cases/b9b7602e0b929dd2bae9e87b53d5ab1e0a236fe466ea4628c3b8fc32cc2ed899,analysis-results/malware/lummastealer/versions/unknown/cases/b9b7602e0b929dd2bae9e87b53d5ab1e0a236fe466ea4628c3b8fc32cc2ed899/FEATURES.md
P1,lummastealer,c1d067c076f8d0d818aca72cefa32df501a6a887d96e407bdfe08d712b6ff781,unknown,explicit_unrecovered,,terminal_payload_unrecovered,human_documented_terminal_gap,analysis-results/malware/lummastealer/versions/unknown/cases/c1d067c076f8d0d818aca72cefa32df501a6a887d96e407bdfe08d712b6ff781,analysis-results/malware/lummastealer/versions/unknown/cases/c1d067c076f8d0d818aca72cefa32df501a6a887d96e407bdfe08d712b6ff781/FEATURES.md
P1,macos-stealer-v2,b30b4b58eb215b60a8526c506d689ffab91ed43124709bc20b4085edf9d5361b,v256,explicit_unrecovered,2026-07-20,terminal_config_unrecovered,human_documented_terminal_gap,analysis-results/malware/macos-stealer-v2/versions/v256/cases/b30b4b58eb215b60a8526c506d689ffab91ed43124709bc20b4085edf9d5361b,analysis-results/malware/macos-stealer-v2/versions/v256/cases/b30b4b58eb215b60a8526c506d689ffab91ed43124709bc20b4085edf9d5361b/README.md
P1,mirai,23dce97932f96517f4232f771be505d3ff885ba264dc27ddc23262fd31100e09,unknown,explicit_unrecovered,2026-07-23,terminal_payload_unrecovered,human_documented_terminal_gap,analysis-results/malware/mirai/versions/unknown/cases/23dce97932f96517f4232f771be505d3ff885ba264dc27ddc23262fd31100e09,analysis-results/malware/mirai/versions/unknown/cases/23dce97932f96517f4232f771be505d3ff885ba264dc27ddc23262fd31100e09/FEATURES.md
P1,mirai,a2e31a2548c728b304be780d7c114738bfd1bb8fcc6f8fe7eda3b0f9cc2fc696,unknown,explicit_unrecovered,2026-07-20,terminal_config_unrecovered;terminal_payload_unrecovered,human_documented_terminal_gap,analysis-results/malware/mirai/versions/unknown/cases/a2e31a2548c728b304be780d7c114738bfd1bb8fcc6f8fe7eda3b0f9cc2fc696,analysis-results/malware/mirai/versions/unknown/cases/a2e31a2548c728b304be780d7c114738bfd1bb8fcc6f8fe7eda3b0f9cc2fc696/README.md
P1,mirai,f61da9f4b26d57e5659ff399913313cfa85cd4161a124da2fd7caedb8246b954,unknown,explicit_unrecovered,2026-07-20,terminal_config_unrecovered;terminal_payload_unrecovered,human_documented_terminal_gap,analysis-results/malware/mirai/versions/unknown/cases/f61da9f4b26d57e5659ff399913313cfa85cd4161a124da2fd7caedb8246b954,analysis-results/malware/mirai/versions/unknown/cases/f61da9f4b26d57e5659ff399913313cfa85cd4161a124da2fd7caedb8246b954/README.md
P1,mirai,fbe6afe9bf94217b4bec7bf9d27bb01f68bdf6d67e5bf5500ff3541db322a2ad,unknown,explicit_unrecovered,2026-07-20,terminal_config_unrecovered;terminal_payload_unrecovered,human_documented_terminal_gap,analysis-results/malware/mirai/versions/unknown/cases/fbe6afe9bf94217b4bec7bf9d27bb01f68bdf6d67e5bf5500ff3541db322a2ad,analysis-results/malware/mirai/versions/unknown/cases/fbe6afe9bf94217b4bec7bf9d27bb01f68bdf6d67e5bf5500ff3541db322a2ad/README.md
P1,mirai-derived-ens-doh-bot,4c6004ee13730aafe6af680f6781bcb18f5c290080076cad1cb184807db4e6ef,unknown,explicit_unrecovered,2026-07-20,terminal_config_unrecovered;terminal_payload_unrecovered,human_documented_terminal_gap,analysis-results/malware/mirai-derived-ens-doh-bot/versions/unknown/cases/4c6004ee13730aafe6af680f6781bcb18f5c290080076cad1cb184807db4e6ef,analysis-results/malware/mirai-derived-ens-doh-bot/versions/unknown/cases/4c6004ee13730aafe6af680f6781bcb18f5c290080076cad1cb184807db4e6ef/README.md
P1,njrat,64da4c1638c0e1a6435e2026155f9092e7532235e1a38a8b1c8b9fc85c469f9a,unknown,curated_recovery_backlog,2026-07-13,terminal_config_unrecovered,family_config_not_recovered;managed_loader_or_obfuscated,analysis-results/malware/njrat/versions/unknown/cases/64da4c1638c0e1a6435e2026155f9092e7532235e1a38a8b1c8b9fc85c469f9a,analysis-framework/inventories/static-hard-cases.yaml
P1,njrat,c854317fdfc61855002f0cca0cba147c979a56878b8b211c5d512218877d680c,unknown,curated_recovery_backlog,2026-07-12,terminal_config_unrecovered,family_config_not_recovered;managed_loader_or_obfuscated,analysis-results/malware/njrat/versions/unknown/cases/c854317fdfc61855002f0cca0cba147c979a56878b8b211c5d512218877d680c,analysis-framework/inventories/static-hard-cases.yaml
P1,njrat,da590d16a8738a6c5f055fffcdcb49870e088d37e040bf1fc1880cbf9b3faa51,unknown,curated_recovery_backlog,2026-07-15,terminal_config_unrecovered,family_config_not_recovered;managed_loader_or_obfuscated,analysis-results/malware/njrat/versions/unknown/cases/da590d16a8738a6c5f055fffcdcb49870e088d37e040bf1fc1880cbf9b3faa51,analysis-framework/inventories/static-hard-cases.yaml
P1,nsis-obfuscated-loader,174047faedae187b42c666c6c34ba1fdb1791b16f1c63f6bd2258fbd6409b77a,unknown,explicit_unrecovered,2026-07-20,terminal_payload_unrecovered,human_documented_terminal_gap,analysis-results/malware/nsis-obfuscated-loader/versions/unknown/cases/174047faedae187b42c666c6c34ba1fdb1791b16f1c63f6bd2258fbd6409b77a,analysis-results/malware/nsis-obfuscated-loader/versions/unknown/cases/174047faedae187b42c666c6c34ba1fdb1791b16f1c63f6bd2258fbd6409b77a/README.md
P1,png-registry-loader,183def10cfe9473eb4ac24b08c39418253d770eef9a196e42115fef79072db9f,unknown,explicit_unrecovered,2026-07-20,terminal_config_unrecovered,human_documented_terminal_gap,analysis-results/malware/png-registry-loader/versions/unknown/cases/183def10cfe9473eb4ac24b08c39418253d770eef9a196e42115fef79072db9f,analysis-results/malware/png-registry-loader/versions/unknown/cases/183def10cfe9473eb4ac24b08c39418253d770eef9a196e42115fef79072db9f/README.md
P1,png-registry-loader,4adf2ecf694884886667c15a1b86b5d937c35089a97afc585ad524660d85c1b5,unknown,explicit_unrecovered,2026-07-20,protector_or_virtualization_boundary;terminal_payload_unrecovered,human_documented_terminal_gap,analysis-results/malware/png-registry-loader/versions/unknown/cases/4adf2ecf694884886667c15a1b86b5d937c35089a97afc585ad524660d85c1b5,analysis-results/malware/png-registry-loader/versions/unknown/cases/4adf2ecf694884886667c15a1b86b5d937c35089a97afc585ad524660d85c1b5/FEATURES.md;analysis-results/malware/png-registry-loader/versions/unknown/cases/4adf2ecf694884886667c15a1b86b5d937c35089a97afc585ad524660d85c1b5/README.md;analysis-results/malware/png-registry-loader/versions/unknown/cases/4adf2ecf694884886667c15a1b86b5d937c35089a97afc585ad524660d85c1b5/STATIC-LOGIC.md;analysis-results/malware/png-registry-loader/versions/unknown/cases/4adf2ecf694884886667c15a1b86b5d937c35089a97afc585ad524660d85c1b5/config.json
P1,prometei,10505f035b1e6569cb22d42614829e85fd432e014418f457e2e1dfc31dcd505c,unknown,explicit_unrecovered,2026-08-07,terminal_payload_unrecovered,human_documented_terminal_gap,analysis-results/malware/prometei/versions/unknown/cases/10505f035b1e6569cb22d42614829e85fd432e014418f457e2e1dfc31dcd505c,analysis-results/malware/prometei/versions/unknown/cases/10505f035b1e6569cb22d42614829e85fd432e014418f457e2e1dfc31dcd505c/FEATURES.md
P1,prometei,6abcf1b097feb8aa7366560e4cd7e63b27560b4cd35407b04055a1a12582cd51,unknown,explicit_unrecovered,2026-07-22,terminal_payload_unrecovered,human_documented_terminal_gap,analysis-results/malware/prometei/versions/unknown/cases/6abcf1b097feb8aa7366560e4cd7e63b27560b4cd35407b04055a1a12582cd51,analysis-results/malware/prometei/versions/unknown/cases/6abcf1b097feb8aa7366560e4cd7e63b27560b4cd35407b04055a1a12582cd51/FEATURES.md
P1,prometei,7fecb00580517395eab594588d4b4efd2154d6160f20ee8da298d613d9223e64,unknown,explicit_unrecovered,2026-07-27,terminal_payload_unrecovered,human_documented_terminal_gap,analysis-results/malware/prometei/versions/unknown/cases/7fecb00580517395eab594588d4b4efd2154d6160f20ee8da298d613d9223e64,analysis-results/malware/prometei/versions/unknown/cases/7fecb00580517395eab594588d4b4efd2154d6160f20ee8da298d613d9223e64/FEATURES.md
P1,prometei,998ea71c9c2d89374f17d5dc2d0d83abd5845849af7d87cff96542614e3364a4,unknown,explicit_unrecovered,2026-07-27,terminal_payload_unrecovered,human_documented_terminal_gap,analysis-results/malware/prometei/versions/unknown/cases/998ea71c9c2d89374f17d5dc2d0d83abd5845849af7d87cff96542614e3364a4,analysis-results/malware/prometei/versions/unknown/cases/998ea71c9c2d89374f17d5dc2d0d83abd5845849af7d87cff96542614e3364a4/FEATURES.md
P1,prometei,c17da88435a502ed14c705832371807419a7494a26be1c32329d4dc017477f09,unknown,explicit_unrecovered,2026-07-27,terminal_payload_unrecovered,human_documented_terminal_gap,analysis-results/malware/prometei/versions/unknown/cases/c17da88435a502ed14c705832371807419a7494a26be1c32329d4dc017477f09,analysis-results/malware/prometei/versions/unknown/cases/c17da88435a502ed14c705832371807419a7494a26be1c32329d4dc017477f09/FEATURES.md
P1,prometei,d2e9f95d58c56a2c000577b00a0d04bb96d8f9479e115c8dbd20e00195604971,unknown,explicit_unrecovered,2026-07-27,terminal_payload_unrecovered,human_documented_terminal_gap,analysis-results/malware/prometei/versions/unknown/cases/d2e9f95d58c56a2c000577b00a0d04bb96d8f9479e115c8dbd20e00195604971,analysis-results/malware/prometei/versions/unknown/cases/d2e9f95d58c56a2c000577b00a0d04bb96d8f9479e115c8dbd20e00195604971/FEATURES.md
P1,prometei,d6a11018040b6242e82c4fe326f3deb2ece71c0e105bee57b53471677799dd42,unknown,explicit_unrecovered,2026-07-30,terminal_payload_unrecovered,human_documented_terminal_gap,analysis-results/malware/prometei/versions/unknown/cases/d6a11018040b6242e82c4fe326f3deb2ece71c0e105bee57b53471677799dd42,analysis-results/malware/prometei/versions/unknown/cases/d6a11018040b6242e82c4fe326f3deb2ece71c0e105bee57b53471677799dd42/FEATURES.md
P1,protected-pe-loader,23dc32bb9108bab987f480651c64830f4fb78235e67821a25db976aa8ab96347,unknown,explicit_unrecovered,2026-07-19,static_recovery_incomplete,human_documented_terminal_gap,analysis-results/malware/protected-pe-loader/versions/unknown/cases/23dc32bb9108bab987f480651c64830f4fb78235e67821a25db976aa8ab96347,analysis-results/malware/protected-pe-loader/versions/unknown/cases/23dc32bb9108bab987f480651c64830f4fb78235e67821a25db976aa8ab96347/README.md;analysis-results/malware/protected-pe-loader/versions/unknown/cases/23dc32bb9108bab987f480651c64830f4fb78235e67821a25db976aa8ab96347/metadata.json
P1,protection-agent-loader,efab45e445f7f3895ae26f54819eb30e7fdbe0b289e12d8f7c077f895efbe2d4,unknown,explicit_unrecovered,2026-07-19,static_recovery_incomplete,human_documented_terminal_gap,analysis-results/malware/protection-agent-loader/versions/unknown/cases/efab45e445f7f3895ae26f54819eb30e7fdbe0b289e12d8f7c077f895efbe2d4,analysis-results/malware/protection-agent-loader/versions/unknown/cases/efab45e445f7f3895ae26f54819eb30e7fdbe0b289e12d8f7c077f895efbe2d4/README.md
P1,purehvnc,d82fd1f36b81436d7fd9096cec50e2d08dbe148680ff1281e59b10d0fe806448,unknown,explicit_unrecovered,2026-08-07,terminal_payload_unrecovered,human_documented_terminal_gap,analysis-results/malware/purehvnc/versions/unknown/cases/d82fd1f36b81436d7fd9096cec50e2d08dbe148680ff1281e59b10d0fe806448,analysis-results/malware/purehvnc/versions/unknown/cases/d82fd1f36b81436d7fd9096cec50e2d08dbe148680ff1281e59b10d0fe806448/FEATURES.md
P1,purelogs,0cf715d47bf25c5ca920110d091807c3fddb2bc14b45701fd2b36648e5463826,unknown,explicit_unrecovered,2026-07-28,terminal_payload_unrecovered,human_documented_terminal_gap,analysis-results/malware/purelogs/versions/unknown/cases/0cf715d47bf25c5ca920110d091807c3fddb2bc14b45701fd2b36648e5463826,analysis-results/malware/purelogs/versions/unknown/cases/0cf715d47bf25c5ca920110d091807c3fddb2bc14b45701fd2b36648e5463826/FEATURES.md
P1,putita-v3,714f761f1994d2c647aa8feeee06272f5ede71dc704842d9bee2141fa94c22a8,v3,explicit_unrecovered,2026-07-20,terminal_config_unrecovered,human_documented_terminal_gap,analysis-results/malware/putita-v3/versions/v3/cases/714f761f1994d2c647aa8feeee06272f5ede71dc704842d9bee2141fa94c22a8,analysis-results/malware/putita-v3/versions/v3/cases/714f761f1994d2c647aa8feeee06272f5ede71dc704842d9bee2141fa94c22a8/README.md
P1,putita-v3,e88bf785ff3ee84df31a16ce5b6f9ecfc38cce7e5c01bdfb2dcdca21f33dbbf0,v3,explicit_unrecovered,2026-07-20,terminal_config_unrecovered,human_documented_terminal_gap,analysis-results/malware/putita-v3/versions/v3/cases/e88bf785ff3ee84df31a16ce5b6f9ecfc38cce7e5c01bdfb2dcdca21f33dbbf0,analysis-results/malware/putita-v3/versions/v3/cases/e88bf785ff3ee84df31a16ce5b6f9ecfc38cce7e5c01bdfb2dcdca21f33dbbf0/README.md
P1,putita-v3,ff5a682bad6c911fd08c90622b7fa13ab22a608e501eed511a40fe43a9b53a1e,v3,explicit_unrecovered,2026-07-20,terminal_config_unrecovered,human_documented_terminal_gap,analysis-results/malware/putita-v3/versions/v3/cases/ff5a682bad6c911fd08c90622b7fa13ab22a608e501eed511a40fe43a9b53a1e,analysis-results/malware/putita-v3/versions/v3/cases/ff5a682bad6c911fd08c90622b7fa13ab22a608e501eed511a40fe43a9b53a1e/README.md
P1,redlinestealer,72e3fb64a103033837ee52ff73f5c00b2a8536b363431cd1308e7ce00f26908a,unknown,curated_recovery_backlog,2026-07-11,terminal_config_unrecovered,family_config_not_recovered;managed_loader_or_obfuscated,analysis-results/malware/redlinestealer/versions/unknown/cases/72e3fb64a103033837ee52ff73f5c00b2a8536b363431cd1308e7ce00f26908a,analysis-framework/inventories/static-hard-cases.yaml
P1,redlinestealer,cbb753220731503e7974588a48305dcf19d8528d7299f695e05211f845a8f720,unknown,curated_recovery_backlog,2026-07-07,terminal_config_unrecovered,family_config_not_recovered;managed_loader_or_obfuscated,analysis-results/malware/redlinestealer/versions/unknown/cases/cbb753220731503e7974588a48305dcf19d8528d7299f695e05211f845a8f720,analysis-framework/inventories/static-hard-cases.yaml
P1,remcosrat,21bf44a654a0059f7bb974ffe6252db63e998d5f95937454d45da4d700267471,unknown,explicit_unrecovered,2026-07-28,terminal_payload_unrecovered,human_documented_terminal_gap,analysis-results/malware/remcosrat/versions/unknown/cases/21bf44a654a0059f7bb974ffe6252db63e998d5f95937454d45da4d700267471,analysis-results/malware/remcosrat/versions/unknown/cases/21bf44a654a0059f7bb974ffe6252db63e998d5f95937454d45da4d700267471/FEATURES.md
P1,remcosrat,78b21599a83dbfad39c17202d37dd2b6d552c9679755bc199a9826f3dd0e40db,unknown,explicit_unrecovered,,protector_or_virtualization_boundary;terminal_payload_unrecovered,human_documented_terminal_gap;native_control_flow_obfuscation;raw_code_terminal_layer,analysis-results/malware/remcosrat/versions/unknown/cases/78b21599a83dbfad39c17202d37dd2b6d552c9679755bc199a9826f3dd0e40db,analysis-framework/inventories/static-hard-cases.yaml;analysis-results/malware/remcosrat/versions/unknown/cases/78b21599a83dbfad39c17202d37dd2b6d552c9679755bc199a9826f3dd0e40db/FEATURES.md
P1,remusstealer,0d298a65db890328d0357b2fb39ea7352645a994a601f430c38450769635f957,unknown,explicit_unrecovered,2026-08-04,terminal_payload_unrecovered,human_documented_terminal_gap,analysis-results/malware/remusstealer/versions/unknown/cases/0d298a65db890328d0357b2fb39ea7352645a994a601f430c38450769635f957,analysis-results/malware/remusstealer/versions/unknown/cases/0d298a65db890328d0357b2fb39ea7352645a994a601f430c38450769635f957/FEATURES.md
P1,remusstealer,41dbfcca18129caecd4a958132d0346b6ca0c30bc8b06abf4e776bd2715e7244,unknown,explicit_unrecovered,2026-08-02,terminal_payload_unrecovered,human_documented_terminal_gap,analysis-results/malware/remusstealer/versions/unknown/cases/41dbfcca18129caecd4a958132d0346b6ca0c30bc8b06abf4e776bd2715e7244,analysis-results/malware/remusstealer/versions/unknown/cases/41dbfcca18129caecd4a958132d0346b6ca0c30bc8b06abf4e776bd2715e7244/FEATURES.md
P1,remusstealer,523dd77b85d0b0cedc99ca23bc7225d4137b9e562a71a2d6d5e163e703680e2e,unknown,explicit_unrecovered,,terminal_payload_unrecovered,human_documented_terminal_gap,analysis-results/malware/remusstealer/versions/unknown/cases/523dd77b85d0b0cedc99ca23bc7225d4137b9e562a71a2d6d5e163e703680e2e,analysis-results/malware/remusstealer/versions/unknown/cases/523dd77b85d0b0cedc99ca23bc7225d4137b9e562a71a2d6d5e163e703680e2e/FEATURES.md
P1,remusstealer,5e815731f67cb070fb1b31272c45bd7f4ecd4a408cbbc68a9545bafc3292d72c,unknown,explicit_unrecovered,,decoder_or_constant_recovery_incomplete;protector_or_virtualization_boundary;terminal_payload_unrecovered,api_hash_resolver;custom_state_machine;human_documented_terminal_gap;native_control_flow_obfuscation,analysis-results/malware/remusstealer/versions/unknown/cases/5e815731f67cb070fb1b31272c45bd7f4ecd4a408cbbc68a9545bafc3292d72c,analysis-framework/inventories/static-hard-cases.yaml;analysis-results/malware/remusstealer/versions/unknown/cases/5e815731f67cb070fb1b31272c45bd7f4ecd4a408cbbc68a9545bafc3292d72c/FEATURES.md
P1,remusstealer,71f17c5e06548f128eb4f0cfafd247cc79894331f996c383fa5c2bcddfe9c5b8,unknown,explicit_unrecovered,2026-08-02,terminal_payload_unrecovered,human_documented_terminal_gap,analysis-results/malware/remusstealer/versions/unknown/cases/71f17c5e06548f128eb4f0cfafd247cc79894331f996c383fa5c2bcddfe9c5b8,analysis-results/malware/remusstealer/versions/unknown/cases/71f17c5e06548f128eb4f0cfafd247cc79894331f996c383fa5c2bcddfe9c5b8/FEATURES.md
P1,remusstealer,7ae44ecd94c5e10f560e78539d4dba8b10d2ddcaf551d1321d81f7d97b771d5d,unknown,explicit_unrecovered,,terminal_payload_unrecovered,human_documented_terminal_gap,analysis-results/malware/remusstealer/versions/unknown/cases/7ae44ecd94c5e10f560e78539d4dba8b10d2ddcaf551d1321d81f7d97b771d5d,analysis-results/malware/remusstealer/versions/unknown/cases/7ae44ecd94c5e10f560e78539d4dba8b10d2ddcaf551d1321d81f7d97b771d5d/FEATURES.md
P1,remusstealer,83554baeeb700815f9b6492584a1b1a40c64f752d1ff1a67cde079ad524b008f,unknown,explicit_unrecovered,2026-07-26,terminal_payload_unrecovered,human_documented_terminal_gap,analysis-results/malware/remusstealer/versions/unknown/cases/83554baeeb700815f9b6492584a1b1a40c64f752d1ff1a67cde079ad524b008f,analysis-results/malware/remusstealer/versions/unknown/cases/83554baeeb700815f9b6492584a1b1a40c64f752d1ff1a67cde079ad524b008f/FEATURES.md
P1,remusstealer,bb71186aa5e8ce286c5e8698adf22aac802615856dbab846a88e740cb5ce4316,unknown,explicit_unrecovered,2026-08-02,terminal_payload_unrecovered,human_documented_terminal_gap,analysis-results/malware/remusstealer/versions/unknown/cases/bb71186aa5e8ce286c5e8698adf22aac802615856dbab846a88e740cb5ce4316,analysis-results/malware/remusstealer/versions/unknown/cases/bb71186aa5e8ce286c5e8698adf22aac802615856dbab846a88e740cb5ce4316/FEATURES.md
P1,remusstealer,c375cb55dafefcb4ad4fdad99e58159943b9e1c51c7756c2e7880656881fc0f0,unknown,explicit_unrecovered,2026-08-04,terminal_payload_unrecovered,human_documented_terminal_gap,analysis-results/malware/remusstealer/versions/unknown/cases/c375cb55dafefcb4ad4fdad99e58159943b9e1c51c7756c2e7880656881fc0f0,analysis-results/malware/remusstealer/versions/unknown/cases/c375cb55dafefcb4ad4fdad99e58159943b9e1c51c7756c2e7880656881fc0f0/FEATURES.md
P1,remusstealer,c4e1726827d84a3d77979d1c01baf16518965d9574409e09c1311b89784766cc,unknown,explicit_unrecovered,2026-08-03,terminal_payload_unrecovered,human_documented_terminal_gap,analysis-results/malware/remusstealer/versions/unknown/cases/c4e1726827d84a3d77979d1c01baf16518965d9574409e09c1311b89784766cc,analysis-results/malware/remusstealer/versions/unknown/cases/c4e1726827d84a3d77979d1c01baf16518965d9574409e09c1311b89784766cc/FEATURES.md
P1,remusstealer,d00bdb02626137fd008456600d4fd89500f1de1c87a3ea3295b4e78740613b76,unknown,explicit_unrecovered,2026-08-03,terminal_payload_unrecovered,human_documented_terminal_gap,analysis-results/malware/remusstealer/versions/unknown/cases/d00bdb02626137fd008456600d4fd89500f1de1c87a3ea3295b4e78740613b76,analysis-results/malware/remusstealer/versions/unknown/cases/d00bdb02626137fd008456600d4fd89500f1de1c87a3ea3295b4e78740613b76/FEATURES.md
P1,remusstealer,d5d5465b53f72727b8218dab4165b954748d29ab8f8de275fbd3a6fac0e08b6d,unknown,explicit_unrecovered,,terminal_payload_unrecovered,human_documented_terminal_gap,analysis-results/malware/remusstealer/versions/unknown/cases/d5d5465b53f72727b8218dab4165b954748d29ab8f8de275fbd3a6fac0e08b6d,analysis-results/malware/remusstealer/versions/unknown/cases/d5d5465b53f72727b8218dab4165b954748d29ab8f8de275fbd3a6fac0e08b6d/FEATURES.md
P1,remusstealer,d9824b3a6894de0606a03a23417f1c7e780ee0b5655f724dbfa455601e13eb8e,unknown,explicit_unrecovered,,terminal_payload_unrecovered,human_documented_terminal_gap,analysis-results/malware/remusstealer/versions/unknown/cases/d9824b3a6894de0606a03a23417f1c7e780ee0b5655f724dbfa455601e13eb8e,analysis-results/malware/remusstealer/versions/unknown/cases/d9824b3a6894de0606a03a23417f1c7e780ee0b5655f724dbfa455601e13eb8e/FEATURES.md
P1,remusstealer,f8cdef17d24fff6b62927d599b08164309a94304da6a045eb39727685be4643c,unknown,explicit_unrecovered,2026-08-03,terminal_payload_unrecovered,human_documented_terminal_gap,analysis-results/malware/remusstealer/versions/unknown/cases/f8cdef17d24fff6b62927d599b08164309a94304da6a045eb39727685be4643c,analysis-results/malware/remusstealer/versions/unknown/cases/f8cdef17d24fff6b62927d599b08164309a94304da6a045eb39727685be4643c/FEATURES.md
P1,shadowpad,ac6938e03f2a076152ee4ce23a39a0bfcd676e4f0b031574d442b6e2df532646,unknown,curated_recovery_backlog,,protector_or_virtualization_boundary;terminal_config_unrecovered,nspack;terminal_config_not_recovered,analysis-results/malware/shadowpad/versions/unknown/cases/ac6938e03f2a076152ee4ce23a39a0bfcd676e4f0b031574d442b6e2df532646,analysis-framework/inventories/static-hard-cases.yaml
P1,snakekeylogger,970d178fff5e535e65917b5b007dbaf5948d32668899bded7d954e5823fb50b9,unknown,curated_recovery_backlog,2026-07-14,terminal_config_unrecovered,family_config_not_recovered;managed_loader_or_obfuscated,analysis-results/malware/snakekeylogger/versions/unknown/cases/970d178fff5e535e65917b5b007dbaf5948d32668899bded7d954e5823fb50b9,analysis-framework/inventories/static-hard-cases.yaml
P1,snakekeylogger,e9a3825e87a0b0a53998c1e695ba4942c47d6f4fdb695038ece3900cc645ad6a,unknown,curated_recovery_backlog,2026-07-07,terminal_config_unrecovered,family_config_not_recovered;managed_loader_or_obfuscated,analysis-results/malware/snakekeylogger/versions/unknown/cases/e9a3825e87a0b0a53998c1e695ba4942c47d6f4fdb695038ece3900cc645ad6a,analysis-framework/inventories/static-hard-cases.yaml
P1,stealc,0523d96352c2028dd22fe5591db75e08c6d8ad76afd0baf2c0b5ce04ae850439,unknown,curated_recovery_backlog,,decoder_or_constant_recovery_incomplete,decoder_not_recovered;high_entropy_native_wrapper,analysis-results/malware/stealc/versions/unknown/cases/0523d96352c2028dd22fe5591db75e08c6d8ad76afd0baf2c0b5ce04ae850439,analysis-framework/inventories/static-hard-cases.yaml
P1,stealc,09034743ead73365c3077a85036d69c4ef0b0c19bba669db7cd53814b9308889,unknown,explicit_unrecovered,2024-10-15,static_recovery_incomplete,function_analysis_pending;human_documented_terminal_gap;terminal_binary_public_artifact_unavailable,analysis-results/malware/stealc/versions/unknown/cases/09034743ead73365c3077a85036d69c4ef0b0c19bba669db7cd53814b9308889,analysis-framework/inventories/static-hard-cases.yaml;analysis-results/malware/stealc/versions/unknown/cases/09034743ead73365c3077a85036d69c4ef0b0c19bba669db7cd53814b9308889/OVERALL-LOGIC.md;analysis-results/malware/stealc/versions/unknown/cases/09034743ead73365c3077a85036d69c4ef0b0c19bba669db7cd53814b9308889/report.json
P1,stealc,0a9eab89753e07a01b1c5e0197acefea9cc05e5f7829823f811e7aa1d7b817b7,unknown,curated_recovery_backlog,,decoder_or_constant_recovery_incomplete;terminal_payload_unrecovered,decoder_not_recovered;encrypted_payload_buffer,analysis-results/malware/stealc/versions/unknown/cases/0a9eab89753e07a01b1c5e0197acefea9cc05e5f7829823f811e7aa1d7b817b7,analysis-framework/inventories/static-hard-cases.yaml
P1,stealc,0b2079978ba2073cfde3c6bc39847431e4e2ab64db27d592df01c4f93d209ca1,unknown,curated_recovery_backlog,,decoder_or_constant_recovery_incomplete,decoder_not_recovered;high_entropy_native_wrapper,analysis-results/malware/stealc/versions/unknown/cases/0b2079978ba2073cfde3c6bc39847431e4e2ab64db27d592df01c4f93d209ca1,analysis-framework/inventories/static-hard-cases.yaml
P1,stealc,1b8433398050753d992dc40ea4c07144b43724a99ec4cf2fdac764645d6d1023,unknown,curated_recovery_backlog,,decoder_or_constant_recovery_incomplete;terminal_payload_unrecovered,decoder_not_recovered;encrypted_payload_buffer,analysis-results/malware/stealc/versions/unknown/cases/1b8433398050753d992dc40ea4c07144b43724a99ec4cf2fdac764645d6d1023,analysis-framework/inventories/static-hard-cases.yaml
P1,stealc,2874b873e12bcdfcf0a37708512e21637e38e5f5b9a2bf0c3b34f72d74c05708,unknown,curated_recovery_backlog,,decoder_or_constant_recovery_incomplete;terminal_payload_unrecovered,decoder_not_recovered;encrypted_payload_buffer,analysis-results/malware/stealc/versions/unknown/cases/2874b873e12bcdfcf0a37708512e21637e38e5f5b9a2bf0c3b34f72d74c05708,analysis-framework/inventories/static-hard-cases.yaml
P1,stealc,2e5dfbff8ab5200fb4d41562186deb2b720d68ce17c7dee49500a155857e99ab,unknown,curated_recovery_backlog,,decoder_or_constant_recovery_incomplete;terminal_payload_unrecovered,decoder_not_recovered;encrypted_payload_buffer,analysis-results/malware/stealc/versions/unknown/cases/2e5dfbff8ab5200fb4d41562186deb2b720d68ce17c7dee49500a155857e99ab,analysis-framework/inventories/static-hard-cases.yaml
P1,stealc,4eb215aa80ea20f514aa4815bc82f872bf7130391e21509aef3a29cb34d3a420,unknown,curated_recovery_backlog,,decoder_or_constant_recovery_incomplete;terminal_payload_unrecovered,decoder_not_recovered;encrypted_payload_buffer,analysis-results/malware/stealc/versions/unknown/cases/4eb215aa80ea20f514aa4815bc82f872bf7130391e21509aef3a29cb34d3a420,analysis-framework/inventories/static-hard-cases.yaml
P1,stealc,4ff0d58788532f4c0bb9dbc9effe6202dd1adaae2ecb8eebc2d48be8cf4b1895,unknown,curated_recovery_backlog,,decoder_or_constant_recovery_incomplete;terminal_payload_unrecovered,decoder_not_recovered;encrypted_payload_buffer,analysis-results/malware/stealc/versions/unknown/cases/4ff0d58788532f4c0bb9dbc9effe6202dd1adaae2ecb8eebc2d48be8cf4b1895,analysis-framework/inventories/static-hard-cases.yaml
P1,stealc,52b078c339720a09902be86de5e6875f2f31a8c24091453f96858b294f923924,unknown,curated_recovery_backlog,,container_or_resource_boundary;decoder_or_constant_recovery_incomplete,overlay_data_decoder_not_recovered,analysis-results/malware/stealc/versions/unknown/cases/52b078c339720a09902be86de5e6875f2f31a8c24091453f96858b294f923924,analysis-framework/inventories/static-hard-cases.yaml
P1,stealc,65fcf2bac887d16fe2d281c53efaa770c73f7e32a2862024cc21f9680ee9efe9,unknown,curated_recovery_backlog,,decoder_or_constant_recovery_incomplete,decoder_not_recovered;high_entropy_native_wrapper,analysis-results/malware/stealc/versions/unknown/cases/65fcf2bac887d16fe2d281c53efaa770c73f7e32a2862024cc21f9680ee9efe9,analysis-framework/inventories/static-hard-cases.yaml
P1,stealc,68ab41d802805f74bde3127b20febf98c31a57ab32de9302e53e681599ac7308,unknown,curated_recovery_backlog,,decoder_or_constant_recovery_incomplete;terminal_payload_unrecovered,decoder_not_recovered;encrypted_payload_buffer,analysis-results/malware/stealc/versions/unknown/cases/68ab41d802805f74bde3127b20febf98c31a57ab32de9302e53e681599ac7308,analysis-framework/inventories/static-hard-cases.yaml
P1,stealc,6bfc504449a39316188b90599aa225fef46e6be74d2283725f48bcb2860ec1ca,unknown,curated_recovery_backlog,,decoder_or_constant_recovery_incomplete;terminal_payload_unrecovered,decoder_not_recovered;encrypted_payload_buffer,analysis-results/malware/stealc/versions/unknown/cases/6bfc504449a39316188b90599aa225fef46e6be74d2283725f48bcb2860ec1ca,analysis-framework/inventories/static-hard-cases.yaml
P1,stealc,6cb09916c5a8464778c43a5372fe483b53e9c53f0867ec252667f109a58020d3,unknown,curated_recovery_backlog,,container_or_resource_boundary;decoder_or_constant_recovery_incomplete;terminal_payload_unrecovered,delphi_resource_carrier;payload_decoder_not_recovered,analysis-results/malware/stealc/versions/unknown/cases/6cb09916c5a8464778c43a5372fe483b53e9c53f0867ec252667f109a58020d3,analysis-framework/inventories/static-hard-cases.yaml
P1,stealc,736af94a2fd07dca7397c2b2068bfd1e2a71a716c5ddda5e9cb7da808355487a,unknown,curated_recovery_backlog,,decoder_or_constant_recovery_incomplete;terminal_payload_unrecovered,decoder_not_recovered;encrypted_payload_buffer,analysis-results/malware/stealc/versions/unknown/cases/736af94a2fd07dca7397c2b2068bfd1e2a71a716c5ddda5e9cb7da808355487a,analysis-framework/inventories/static-hard-cases.yaml
P1,stealc,84db5b4abf8d9cc8159a751668dc6c5be7ee4143811e38599d5b134120ceca7d,unknown,curated_recovery_backlog,,container_or_resource_boundary;decoder_or_constant_recovery_incomplete;terminal_payload_unrecovered,delphi_resource_carrier;payload_decoder_not_recovered,analysis-results/malware/stealc/versions/unknown/cases/84db5b4abf8d9cc8159a751668dc6c5be7ee4143811e38599d5b134120ceca7d,analysis-framework/inventories/static-hard-cases.yaml
P1,stealc,86bc655cc2d621be255c11459364357fcc424636630586bcea1c1c4b6f220460,unknown,curated_recovery_backlog,,container_or_resource_boundary;decoder_or_constant_recovery_incomplete;terminal_payload_unrecovered,delphi_resource_carrier;payload_decoder_not_recovered,analysis-results/malware/stealc/versions/unknown/cases/86bc655cc2d621be255c11459364357fcc424636630586bcea1c1c4b6f220460,analysis-framework/inventories/static-hard-cases.yaml
P1,stealc,b00335a75190fd3b930329adf19c93b483975cb24cc056bea62b0ef359abe3fa,unknown,curated_recovery_backlog,,decoder_or_constant_recovery_incomplete;terminal_payload_unrecovered,decoder_not_recovered;encrypted_payload_buffer,analysis-results/malware/stealc/versions/unknown/cases/b00335a75190fd3b930329adf19c93b483975cb24cc056bea62b0ef359abe3fa,analysis-framework/inventories/static-hard-cases.yaml
P1,stealc,b731e3399691950d41e03d76c269ec2a60ca68ed7a2eee4d76635b458f5fbedf,unknown,curated_recovery_backlog,,decoder_or_constant_recovery_incomplete;terminal_payload_unrecovered,decoder_not_recovered;encrypted_payload_buffer,analysis-results/malware/stealc/versions/unknown/cases/b731e3399691950d41e03d76c269ec2a60ca68ed7a2eee4d76635b458f5fbedf,analysis-framework/inventories/static-hard-cases.yaml
P1,stealc,c9dc79d72ab3131295608a78c6473a8bde3791683e88bebeee9989decb8eb4ee,unknown,curated_recovery_backlog,,decoder_or_constant_recovery_incomplete;terminal_payload_unrecovered,decoder_not_recovered;encrypted_payload_buffer,analysis-results/malware/stealc/versions/unknown/cases/c9dc79d72ab3131295608a78c6473a8bde3791683e88bebeee9989decb8eb4ee,analysis-framework/inventories/static-hard-cases.yaml
P1,stealc,ca20c0b93bbebbdcd91cad1a8db0356fb4c5d2e17894bd5a34bfcaa4c78a6a9c,unknown,curated_recovery_backlog,,decoder_or_constant_recovery_incomplete;terminal_payload_unrecovered,decoder_not_recovered;encrypted_payload_buffer,analysis-results/malware/stealc/versions/unknown/cases/ca20c0b93bbebbdcd91cad1a8db0356fb4c5d2e17894bd5a34bfcaa4c78a6a9c,analysis-framework/inventories/static-hard-cases.yaml
P1,stealc,d53599b86cbdc98e7d59ddf760bac28aa25f561a4f125f47544c9cfe41aaca3b,unknown,curated_recovery_backlog,,decoder_or_constant_recovery_incomplete,decoder_not_recovered;high_entropy_native_wrapper,analysis-results/malware/stealc/versions/unknown/cases/d53599b86cbdc98e7d59ddf760bac28aa25f561a4f125f47544c9cfe41aaca3b,analysis-framework/inventories/static-hard-cases.yaml
P1,stealc,dda07a7f4225baf73499de332ccfbbcd3197e370b77829f13a9991328b976b37,unknown,curated_recovery_backlog,,decoder_or_constant_recovery_incomplete;terminal_payload_unrecovered,decoder_not_recovered;encrypted_payload_buffer,analysis-results/malware/stealc/versions/unknown/cases/dda07a7f4225baf73499de332ccfbbcd3197e370b77829f13a9991328b976b37,analysis-framework/inventories/static-hard-cases.yaml
P1,stealc,e07d3383a78b7b05cd27cf2f569c6e93026e9f40dff4ccb8ec81efafa6b2b23f,unknown,curated_recovery_backlog,,decoder_or_constant_recovery_incomplete;terminal_payload_unrecovered,decoder_not_recovered;encrypted_payload_buffer,analysis-results/malware/stealc/versions/unknown/cases/e07d3383a78b7b05cd27cf2f569c6e93026e9f40dff4ccb8ec81efafa6b2b23f,analysis-framework/inventories/static-hard-cases.yaml
P1,stealc,f4a7d43dc4cdf21cc7a58af7c66386cea1616658f15b996691fbb85a7cb06b9d,unknown,curated_recovery_backlog,,decoder_or_constant_recovery_incomplete,decoder_not_recovered;high_entropy_native_wrapper,analysis-results/malware/stealc/versions/unknown/cases/f4a7d43dc4cdf21cc7a58af7c66386cea1616658f15b996691fbb85a7cb06b9d,analysis-framework/inventories/static-hard-cases.yaml
P1,suomi-agent,a1e14e2b06dc859053cb63cfa9e76b4ef43540a35d736dc9fb1c39986bf67654,2026-07-dga-v1,explicit_unrecovered,2026-07-20,terminal_config_unrecovered,human_documented_terminal_gap,analysis-results/malware/suomi-agent/versions/2026-07-dga-v1/cases/a1e14e2b06dc859053cb63cfa9e76b4ef43540a35d736dc9fb1c39986bf67654,analysis-results/malware/suomi-agent/versions/2026-07-dga-v1/cases/a1e14e2b06dc859053cb63cfa9e76b4ef43540a35d736dc9fb1c39986bf67654/README.md
P1,unclassified,0120dae09f9f6fa1074800fa2fb98ba67ecb4b6eca9f89e360e0a880e7202509,unknown,explicit_unrecovered,2026-08-04,terminal_payload_unrecovered,human_documented_terminal_gap,analysis-results/malware/unclassified/versions/unknown/cases/0120dae09f9f6fa1074800fa2fb98ba67ecb4b6eca9f89e360e0a880e7202509,analysis-results/malware/unclassified/versions/unknown/cases/0120dae09f9f6fa1074800fa2fb98ba67ecb4b6eca9f89e360e0a880e7202509/FEATURES.md
P1,unclassified,02f5faa0f8ba62f3690dd2bf16acbc2ce0c2e3f48b0a28085af83feb3d79269e,unknown,explicit_unrecovered,2026-07-31,terminal_payload_unrecovered,human_documented_terminal_gap,analysis-results/malware/unclassified/versions/unknown/cases/02f5faa0f8ba62f3690dd2bf16acbc2ce0c2e3f48b0a28085af83feb3d79269e,analysis-results/malware/unclassified/versions/unknown/cases/02f5faa0f8ba62f3690dd2bf16acbc2ce0c2e3f48b0a28085af83feb3d79269e/FEATURES.md
P1,unclassified,05f9271f2618d599d2e263d8f4aa761a77ed1178369ba59403a72b412ceb10bc,unknown,explicit_unrecovered,2026-08-05,terminal_payload_unrecovered,human_documented_terminal_gap,analysis-results/malware/unclassified/versions/unknown/cases/05f9271f2618d599d2e263d8f4aa761a77ed1178369ba59403a72b412ceb10bc,analysis-results/malware/unclassified/versions/unknown/cases/05f9271f2618d599d2e263d8f4aa761a77ed1178369ba59403a72b412ceb10bc/FEATURES.md
P1,unclassified,06255040122047ea6c1e6eae703d31c793f295aed1dede8c4f03372656223a89,unknown,explicit_unrecovered,2026-08-01,terminal_payload_unrecovered,human_documented_terminal_gap,analysis-results/malware/unclassified/versions/unknown/cases/06255040122047ea6c1e6eae703d31c793f295aed1dede8c4f03372656223a89,analysis-results/malware/unclassified/versions/unknown/cases/06255040122047ea6c1e6eae703d31c793f295aed1dede8c4f03372656223a89/FEATURES.md
P1,unclassified,06502a3400a2a5c97da7bb4562a004ed638bdf12438978c40fadd6dad66ed227,unknown,explicit_unrecovered,2026-08-05,terminal_payload_unrecovered,human_documented_terminal_gap,analysis-results/malware/unclassified/versions/unknown/cases/06502a3400a2a5c97da7bb4562a004ed638bdf12438978c40fadd6dad66ed227,analysis-results/malware/unclassified/versions/unknown/cases/06502a3400a2a5c97da7bb4562a004ed638bdf12438978c40fadd6dad66ed227/FEATURES.md
P1,unclassified,068fa74e4843dd0a7fd1488f262281e9b6b0e19d67eb8d52b20d63fda158fd3e,unknown,explicit_unrecovered,2026-08-02,terminal_payload_unrecovered,human_documented_terminal_gap,analysis-results/malware/unclassified/versions/unknown/cases/068fa74e4843dd0a7fd1488f262281e9b6b0e19d67eb8d52b20d63fda158fd3e,analysis-results/malware/unclassified/versions/unknown/cases/068fa74e4843dd0a7fd1488f262281e9b6b0e19d67eb8d52b20d63fda158fd3e/FEATURES.md
P1,unclassified,06f809fa0703109f2e34862b5614aa607ed8e654498fc31058dc9e4737785f34,unknown,explicit_unrecovered,2026-07-31,terminal_payload_unrecovered,human_documented_terminal_gap,analysis-results/malware/unclassified/versions/unknown/cases/06f809fa0703109f2e34862b5614aa607ed8e654498fc31058dc9e4737785f34,analysis-results/malware/unclassified/versions/unknown/cases/06f809fa0703109f2e34862b5614aa607ed8e654498fc31058dc9e4737785f34/FEATURES.md
P1,unclassified,089062de86630a783993b9a7f98e99f698331c85ff90dbd80b4aa425ade8f010,unknown,explicit_unrecovered,2026-08-05,terminal_payload_unrecovered,human_documented_terminal_gap,analysis-results/malware/unclassified/versions/unknown/cases/089062de86630a783993b9a7f98e99f698331c85ff90dbd80b4aa425ade8f010,analysis-results/malware/unclassified/versions/unknown/cases/089062de86630a783993b9a7f98e99f698331c85ff90dbd80b4aa425ade8f010/FEATURES.md
P1,unclassified,0894614ef5efdb2b641afb08d53c641655ef327db9157f25fd8c68862423730d,unknown,explicit_unrecovered,2026-07-31,terminal_payload_unrecovered,human_documented_terminal_gap,analysis-results/malware/unclassified/versions/unknown/cases/0894614ef5efdb2b641afb08d53c641655ef327db9157f25fd8c68862423730d,analysis-results/malware/unclassified/versions/unknown/cases/0894614ef5efdb2b641afb08d53c641655ef327db9157f25fd8c68862423730d/FEATURES.md
P1,unclassified,091b35d487c4172e888a0276244dc453332f2152f837b1500ded3591c7d9846a,unknown,explicit_unrecovered,2026-07-22,terminal_payload_unrecovered,human_documented_terminal_gap,analysis-results/malware/unclassified/versions/unknown/cases/091b35d487c4172e888a0276244dc453332f2152f837b1500ded3591c7d9846a,analysis-results/malware/unclassified/versions/unknown/cases/091b35d487c4172e888a0276244dc453332f2152f837b1500ded3591c7d9846a/FEATURES.md
P1,unclassified,0a3b1d6ec59becdc48c2f5096a85bbf49334d3011370de5aaf926e1eb4e7b5f9,unknown,explicit_unrecovered,2026-07-28,terminal_payload_unrecovered,human_documented_terminal_gap,analysis-results/malware/unclassified/versions/unknown/cases/0a3b1d6ec59becdc48c2f5096a85bbf49334d3011370de5aaf926e1eb4e7b5f9,analysis-results/malware/unclassified/versions/unknown/cases/0a3b1d6ec59becdc48c2f5096a85bbf49334d3011370de5aaf926e1eb4e7b5f9/FEATURES.md
P1,unclassified,0b93ca2778b5ac0ae2be58985b0ffecb7d6ce6870815c1f85d14505e4005b9e9,unknown,explicit_unrecovered,2026-07-23,terminal_payload_unrecovered,human_documented_terminal_gap,analysis-results/malware/unclassified/versions/unknown/cases/0b93ca2778b5ac0ae2be58985b0ffecb7d6ce6870815c1f85d14505e4005b9e9,analysis-results/malware/unclassified/versions/unknown/cases/0b93ca2778b5ac0ae2be58985b0ffecb7d6ce6870815c1f85d14505e4005b9e9/FEATURES.md
P1,unclassified,0e1fcb0e29c132819fcb2a3f2aa188a398c96be5e1919266ae95a8ee99986347,unknown,explicit_unrecovered,2026-07-31,terminal_config_unrecovered;terminal_payload_unrecovered,bot_vbe_body_not_recovered;human_documented_terminal_gap;terminal_family_unresolved,analysis-results/malware/unclassified/versions/unknown/cases/0e1fcb0e29c132819fcb2a3f2aa188a398c96be5e1919266ae95a8ee99986347,analysis-results/malware/unclassified/versions/unknown/cases/0e1fcb0e29c132819fcb2a3f2aa188a398c96be5e1919266ae95a8ee99986347/OVERALL-LOGIC.md;analysis-results/malware/unclassified/versions/unknown/cases/0e1fcb0e29c132819fcb2a3f2aa188a398c96be5e1919266ae95a8ee99986347/config.json;analysis-results/malware/unclassified/versions/unknown/cases/0e1fcb0e29c132819fcb2a3f2aa188a398c96be5e1919266ae95a8ee99986347/report.json
P1,unclassified,0ee5fd727530366a8df72350ece5a43f10c340d907be54d440b2a0bfc26d6cf7,unknown,explicit_unrecovered,2026-08-04,terminal_payload_unrecovered,human_documented_terminal_gap,analysis-results/malware/unclassified/versions/unknown/cases/0ee5fd727530366a8df72350ece5a43f10c340d907be54d440b2a0bfc26d6cf7,analysis-results/malware/unclassified/versions/unknown/cases/0ee5fd727530366a8df72350ece5a43f10c340d907be54d440b2a0bfc26d6cf7/FEATURES.md
P1,unclassified,0f80c3794028f18cf3602f2d12964b1fa740aaac3b38767bbb981851f88b4966,unknown,explicit_unrecovered,2026-07-22,terminal_payload_unrecovered,human_documented_terminal_gap,analysis-results/malware/unclassified/versions/unknown/cases/0f80c3794028f18cf3602f2d12964b1fa740aaac3b38767bbb981851f88b4966,analysis-results/malware/unclassified/versions/unknown/cases/0f80c3794028f18cf3602f2d12964b1fa740aaac3b38767bbb981851f88b4966/FEATURES.md
P1,unclassified,105cf4a05bcce8dcd10a1288b6e2310ad27860153676d7dae3839f03ca388493,unknown,explicit_unrecovered,2026-08-06,terminal_payload_unrecovered,human_documented_terminal_gap,analysis-results/malware/unclassified/versions/unknown/cases/105cf4a05bcce8dcd10a1288b6e2310ad27860153676d7dae3839f03ca388493,analysis-results/malware/unclassified/versions/unknown/cases/105cf4a05bcce8dcd10a1288b6e2310ad27860153676d7dae3839f03ca388493/FEATURES.md
P1,unclassified,1385e8516443797d38586cb48d813895944a42fac9fd11354fc68d7704008823,unknown,explicit_unrecovered,2026-07-31,terminal_payload_unrecovered,human_documented_terminal_gap,analysis-results/malware/unclassified/versions/unknown/cases/1385e8516443797d38586cb48d813895944a42fac9fd11354fc68d7704008823,analysis-results/malware/unclassified/versions/unknown/cases/1385e8516443797d38586cb48d813895944a42fac9fd11354fc68d7704008823/FEATURES.md
P1,unclassified,157dcb521adc7226e4739391a479eca2c921b84d1e368f22a53ba3c36d3c723b,unknown,explicit_unrecovered,,terminal_payload_unrecovered,human_documented_terminal_gap,analysis-results/malware/unclassified/versions/unknown/cases/157dcb521adc7226e4739391a479eca2c921b84d1e368f22a53ba3c36d3c723b,analysis-results/malware/unclassified/versions/unknown/cases/157dcb521adc7226e4739391a479eca2c921b84d1e368f22a53ba3c36d3c723b/config.json
P1,unclassified,163194d22f93028f5142645d44fc4a763084df5348cf3ed50d7e660071fff7c2,unknown,explicit_unrecovered,2026-08-05,terminal_payload_unrecovered,human_documented_terminal_gap,analysis-results/malware/unclassified/versions/unknown/cases/163194d22f93028f5142645d44fc4a763084df5348cf3ed50d7e660071fff7c2,analysis-results/malware/unclassified/versions/unknown/cases/163194d22f93028f5142645d44fc4a763084df5348cf3ed50d7e660071fff7c2/FEATURES.md
P1,unclassified,17668a4df917779af09b2598df9671e1f6ccfb973e56c9bb548be16a9d8df5cc,unknown,explicit_unrecovered,2026-08-03,terminal_payload_unrecovered,human_documented_terminal_gap,analysis-results/malware/unclassified/versions/unknown/cases/17668a4df917779af09b2598df9671e1f6ccfb973e56c9bb548be16a9d8df5cc,analysis-results/malware/unclassified/versions/unknown/cases/17668a4df917779af09b2598df9671e1f6ccfb973e56c9bb548be16a9d8df5cc/FEATURES.md
P1,unclassified,180c22cd81e8468ba9aac26b316f2b80584db4ef4f800ab3d412700c2152a1f0,unknown,explicit_unrecovered,2026-08-05,terminal_payload_unrecovered,human_documented_terminal_gap,analysis-results/malware/unclassified/versions/unknown/cases/180c22cd81e8468ba9aac26b316f2b80584db4ef4f800ab3d412700c2152a1f0,analysis-results/malware/unclassified/versions/unknown/cases/180c22cd81e8468ba9aac26b316f2b80584db4ef4f800ab3d412700c2152a1f0/FEATURES.md
P1,unclassified,1916cfab459307852b4d845e05b4961ffddf742988d22d63531beffc7ec30e7c,unknown,explicit_unrecovered,2026-07-29,terminal_payload_unrecovered,human_documented_terminal_gap,analysis-results/malware/unclassified/versions/unknown/cases/1916cfab459307852b4d845e05b4961ffddf742988d22d63531beffc7ec30e7c,analysis-results/malware/unclassified/versions/unknown/cases/1916cfab459307852b4d845e05b4961ffddf742988d22d63531beffc7ec30e7c/FEATURES.md
P1,unclassified,192725e0c2fb97926aa6a926a0f2057b74dcb3e4cfd0a1f58fe0a0f199fb0403,unknown,explicit_unrecovered,2026-08-03,terminal_payload_unrecovered,human_documented_terminal_gap,analysis-results/malware/unclassified/versions/unknown/cases/192725e0c2fb97926aa6a926a0f2057b74dcb3e4cfd0a1f58fe0a0f199fb0403,analysis-results/malware/unclassified/versions/unknown/cases/192725e0c2fb97926aa6a926a0f2057b74dcb3e4cfd0a1f58fe0a0f199fb0403/FEATURES.md
P1,unclassified,197d802ca74c65714303c36b2a10aa57f7181e9eb3b8e4bfc1a41d052274cf2c,unknown,explicit_unrecovered,2026-08-05,terminal_payload_unrecovered,human_documented_terminal_gap,analysis-results/malware/unclassified/versions/unknown/cases/197d802ca74c65714303c36b2a10aa57f7181e9eb3b8e4bfc1a41d052274cf2c,analysis-results/malware/unclassified/versions/unknown/cases/197d802ca74c65714303c36b2a10aa57f7181e9eb3b8e4bfc1a41d052274cf2c/FEATURES.md
P1,unclassified,1ac0570ceb2f538a1f124e2d80b9bb279a13a71a134ff4759355762a4abe5e26,unknown,explicit_unrecovered,2026-07-31,terminal_payload_unrecovered,human_documented_terminal_gap,analysis-results/malware/unclassified/versions/unknown/cases/1ac0570ceb2f538a1f124e2d80b9bb279a13a71a134ff4759355762a4abe5e26,analysis-results/malware/unclassified/versions/unknown/cases/1ac0570ceb2f538a1f124e2d80b9bb279a13a71a134ff4759355762a4abe5e26/FEATURES.md
P1,unclassified,1ae69db09035542cafb9ae06eb1e85858743973541e894dfb3a5158ac848d1e0,unknown,explicit_unrecovered,2026-08-04,terminal_payload_unrecovered,human_documented_terminal_gap,analysis-results/malware/unclassified/versions/unknown/cases/1ae69db09035542cafb9ae06eb1e85858743973541e894dfb3a5158ac848d1e0,analysis-results/malware/unclassified/versions/unknown/cases/1ae69db09035542cafb9ae06eb1e85858743973541e894dfb3a5158ac848d1e0/FEATURES.md
P1,unclassified,1d233362395405a19be5da8fc1f3fba060e658fb30718a47eedc0925a7226e52,unknown,explicit_unrecovered,2026-07-22,terminal_payload_unrecovered,human_documented_terminal_gap,analysis-results/malware/unclassified/versions/unknown/cases/1d233362395405a19be5da8fc1f3fba060e658fb30718a47eedc0925a7226e52,analysis-results/malware/unclassified/versions/unknown/cases/1d233362395405a19be5da8fc1f3fba060e658fb30718a47eedc0925a7226e52/FEATURES.md
P1,unclassified,1d5ae223f76a832f843906c0bb65f57912738f4bd3d75c4e7dc08780009928eb,unknown,explicit_unrecovered,2026-07-31,terminal_payload_unrecovered,human_documented_terminal_gap,analysis-results/malware/unclassified/versions/unknown/cases/1d5ae223f76a832f843906c0bb65f57912738f4bd3d75c4e7dc08780009928eb,analysis-results/malware/unclassified/versions/unknown/cases/1d5ae223f76a832f843906c0bb65f57912738f4bd3d75c4e7dc08780009928eb/FEATURES.md
P1,unclassified,1d5d0dfa7d49213f59f48704305762a936492c57026336a0ff56eafdf5710a48,unknown,explicit_unrecovered,2026-08-02,terminal_payload_unrecovered,human_documented_terminal_gap,analysis-results/malware/unclassified/versions/unknown/cases/1d5d0dfa7d49213f59f48704305762a936492c57026336a0ff56eafdf5710a48,analysis-results/malware/unclassified/versions/unknown/cases/1d5d0dfa7d49213f59f48704305762a936492c57026336a0ff56eafdf5710a48/FEATURES.md
P1,unclassified,1e5be4fab2e11a5a450d10e056be635d6695e10ba02933db46f49d2631c7d910,unknown,explicit_unrecovered,2026-08-08,terminal_payload_unrecovered,human_documented_terminal_gap,analysis-results/malware/unclassified/versions/unknown/cases/1e5be4fab2e11a5a450d10e056be635d6695e10ba02933db46f49d2631c7d910,analysis-results/malware/unclassified/versions/unknown/cases/1e5be4fab2e11a5a450d10e056be635d6695e10ba02933db46f49d2631c7d910/FEATURES.md
P1,unclassified,1f95f829dcfea47cc5ff79212d2b08254c4acf71ca70263dafdb7a9ab5c01292,unknown,explicit_unrecovered,,terminal_payload_unrecovered,human_documented_terminal_gap,analysis-results/malware/unclassified/versions/unknown/cases/1f95f829dcfea47cc5ff79212d2b08254c4acf71ca70263dafdb7a9ab5c01292,analysis-results/malware/unclassified/versions/unknown/cases/1f95f829dcfea47cc5ff79212d2b08254c4acf71ca70263dafdb7a9ab5c01292/config.json
P1,unclassified,20dcf6d45f17d62279183276675ea33876e6846d3fdc09285e78e9819882b97e,unknown,explicit_unrecovered,2026-07-30,terminal_payload_unrecovered,human_documented_terminal_gap,analysis-results/malware/unclassified/versions/unknown/cases/20dcf6d45f17d62279183276675ea33876e6846d3fdc09285e78e9819882b97e,analysis-results/malware/unclassified/versions/unknown/cases/20dcf6d45f17d62279183276675ea33876e6846d3fdc09285e78e9819882b97e/FEATURES.md
P1,unclassified,21796e5def787676275be4ee84a07687f6f4ace6c009cbd394da24ec95b24dbd,unknown,explicit_unrecovered,2026-07-22,terminal_payload_unrecovered,human_documented_terminal_gap,analysis-results/malware/unclassified/versions/unknown/cases/21796e5def787676275be4ee84a07687f6f4ace6c009cbd394da24ec95b24dbd,analysis-results/malware/unclassified/versions/unknown/cases/21796e5def787676275be4ee84a07687f6f4ace6c009cbd394da24ec95b24dbd/FEATURES.md
P1,unclassified,2485d9a51fc370a064613f490bd16df1553e3edb4fc38cbede4023e046932a33,unknown,explicit_unrecovered,2026-07-23,terminal_payload_unrecovered,human_documented_terminal_gap,analysis-results/malware/unclassified/versions/unknown/cases/2485d9a51fc370a064613f490bd16df1553e3edb4fc38cbede4023e046932a33,analysis-results/malware/unclassified/versions/unknown/cases/2485d9a51fc370a064613f490bd16df1553e3edb4fc38cbede4023e046932a33/FEATURES.md
P1,unclassified,25848334ac892d73fed07a04fca9b5ed55cc590fcf4a59c34b023fa35b1dfd00,unknown,explicit_unrecovered,2026-08-02,terminal_payload_unrecovered,human_documented_terminal_gap,analysis-results/malware/unclassified/versions/unknown/cases/25848334ac892d73fed07a04fca9b5ed55cc590fcf4a59c34b023fa35b1dfd00,analysis-results/malware/unclassified/versions/unknown/cases/25848334ac892d73fed07a04fca9b5ed55cc590fcf4a59c34b023fa35b1dfd00/FEATURES.md
P1,unclassified,264a6ef8a8853d0e7dac18b0d4e043ab7579b4cc885093128012b34339cee194,unknown,explicit_unrecovered,2026-07-31,terminal_payload_unrecovered,human_documented_terminal_gap,analysis-results/malware/unclassified/versions/unknown/cases/264a6ef8a8853d0e7dac18b0d4e043ab7579b4cc885093128012b34339cee194,analysis-results/malware/unclassified/versions/unknown/cases/264a6ef8a8853d0e7dac18b0d4e043ab7579b4cc885093128012b34339cee194/FEATURES.md
P1,unclassified,26eaf074c06ada6319109f04929df85bf2c83f9d17739da26c29b5cca6036d77,unknown,explicit_unrecovered,2026-07-22,terminal_payload_unrecovered,human_documented_terminal_gap,analysis-results/malware/unclassified/versions/unknown/cases/26eaf074c06ada6319109f04929df85bf2c83f9d17739da26c29b5cca6036d77,analysis-results/malware/unclassified/versions/unknown/cases/26eaf074c06ada6319109f04929df85bf2c83f9d17739da26c29b5cca6036d77/FEATURES.md
P1,unclassified,2804f625bda3a9b17c21df3bda03807ba0dc74c4c7c3333f59a5c18c7497858b,unknown,explicit_unrecovered,2026-08-01,terminal_payload_unrecovered,human_documented_terminal_gap,analysis-results/malware/unclassified/versions/unknown/cases/2804f625bda3a9b17c21df3bda03807ba0dc74c4c7c3333f59a5c18c7497858b,analysis-results/malware/unclassified/versions/unknown/cases/2804f625bda3a9b17c21df3bda03807ba0dc74c4c7c3333f59a5c18c7497858b/FEATURES.md
P1,unclassified,285030eeb9fa60d670b1144833cdecec0ba7203659476ac944846a994766bf94,unknown,explicit_unrecovered,2026-08-02,terminal_payload_unrecovered,human_documented_terminal_gap,analysis-results/malware/unclassified/versions/unknown/cases/285030eeb9fa60d670b1144833cdecec0ba7203659476ac944846a994766bf94,analysis-results/malware/unclassified/versions/unknown/cases/285030eeb9fa60d670b1144833cdecec0ba7203659476ac944846a994766bf94/FEATURES.md
P1,unclassified,2869b20c33bb050c36f74d3bd341ff6c524fbba99a93923aa5cad724203f943e,unknown,explicit_unrecovered,2026-08-02,terminal_payload_unrecovered,human_documented_terminal_gap,analysis-results/malware/unclassified/versions/unknown/cases/2869b20c33bb050c36f74d3bd341ff6c524fbba99a93923aa5cad724203f943e,analysis-results/malware/unclassified/versions/unknown/cases/2869b20c33bb050c36f74d3bd341ff6c524fbba99a93923aa5cad724203f943e/FEATURES.md
P1,unclassified,293f9be68f97b014973a66f8630b1aabfef01605d0005456afcec7270383f20c,unknown,explicit_unrecovered,2026-08-05,terminal_payload_unrecovered,human_documented_terminal_gap,analysis-results/malware/unclassified/versions/unknown/cases/293f9be68f97b014973a66f8630b1aabfef01605d0005456afcec7270383f20c,analysis-results/malware/unclassified/versions/unknown/cases/293f9be68f97b014973a66f8630b1aabfef01605d0005456afcec7270383f20c/FEATURES.md
P1,unclassified,2bf4dc090d790d0101f61dafb9fcff37c65e32b0b321ab7a03585deb786376fb,unknown,explicit_unrecovered,2026-07-31,terminal_payload_unrecovered,human_documented_terminal_gap,analysis-results/malware/unclassified/versions/unknown/cases/2bf4dc090d790d0101f61dafb9fcff37c65e32b0b321ab7a03585deb786376fb,analysis-results/malware/unclassified/versions/unknown/cases/2bf4dc090d790d0101f61dafb9fcff37c65e32b0b321ab7a03585deb786376fb/FEATURES.md
P1,unclassified,2d9346aa5de94f207e93db952eeed52861b4b31a2c98899147c5fa59b2deee55,unknown,explicit_unrecovered,2026-07-26,terminal_payload_unrecovered,human_documented_terminal_gap,analysis-results/malware/unclassified/versions/unknown/cases/2d9346aa5de94f207e93db952eeed52861b4b31a2c98899147c5fa59b2deee55,analysis-results/malware/unclassified/versions/unknown/cases/2d9346aa5de94f207e93db952eeed52861b4b31a2c98899147c5fa59b2deee55/FEATURES.md
P1,unclassified,3036c7debc5134b4bae9040e25f9810505fbed3ae53417a84deba285218b8c2d,unknown,explicit_unrecovered,2026-07-31,terminal_payload_unrecovered,human_documented_terminal_gap,analysis-results/malware/unclassified/versions/unknown/cases/3036c7debc5134b4bae9040e25f9810505fbed3ae53417a84deba285218b8c2d,analysis-results/malware/unclassified/versions/unknown/cases/3036c7debc5134b4bae9040e25f9810505fbed3ae53417a84deba285218b8c2d/FEATURES.md
P1,unclassified,32b222165a61978b9d981cbd77eee2c24d7d366021ad3abfcfcd052d7a6e8d4e,unknown,explicit_unrecovered,2026-07-22,terminal_payload_unrecovered,human_documented_terminal_gap,analysis-results/malware/unclassified/versions/unknown/cases/32b222165a61978b9d981cbd77eee2c24d7d366021ad3abfcfcd052d7a6e8d4e,analysis-results/malware/unclassified/versions/unknown/cases/32b222165a61978b9d981cbd77eee2c24d7d366021ad3abfcfcd052d7a6e8d4e/FEATURES.md
P1,unclassified,34a1064b1713dde3b975e118f3504345fb427e69ebbd8687310535cc13238c18,unknown,explicit_unrecovered,2026-07-31,terminal_payload_unrecovered,human_documented_terminal_gap,analysis-results/malware/unclassified/versions/unknown/cases/34a1064b1713dde3b975e118f3504345fb427e69ebbd8687310535cc13238c18,analysis-results/malware/unclassified/versions/unknown/cases/34a1064b1713dde3b975e118f3504345fb427e69ebbd8687310535cc13238c18/FEATURES.md
P1,unclassified,34bae47de99294e4188c0f548effce53216c32f51ff76d28fd52292b70f4f28f,unknown,explicit_unrecovered,2026-07-31,terminal_payload_unrecovered,human_documented_terminal_gap,analysis-results/malware/unclassified/versions/unknown/cases/34bae47de99294e4188c0f548effce53216c32f51ff76d28fd52292b70f4f28f,analysis-results/malware/unclassified/versions/unknown/cases/34bae47de99294e4188c0f548effce53216c32f51ff76d28fd52292b70f4f28f/FEATURES.md
P1,unclassified,35a13d030bfba6eefd0b668a818987345d9ad4ccf28027f4221ae7ebe30b0c83,unknown,explicit_unrecovered,2026-07-26,terminal_payload_unrecovered,human_documented_terminal_gap,analysis-results/malware/unclassified/versions/unknown/cases/35a13d030bfba6eefd0b668a818987345d9ad4ccf28027f4221ae7ebe30b0c83,analysis-results/malware/unclassified/versions/unknown/cases/35a13d030bfba6eefd0b668a818987345d9ad4ccf28027f4221ae7ebe30b0c83/FEATURES.md
P1,unclassified,371d61eb559b29638bdd41d9574704a5029b01d201461e3ae4c3fd05590fe2bb,unknown,explicit_unrecovered,2026-07-22,terminal_payload_unrecovered,human_documented_terminal_gap,analysis-results/malware/unclassified/versions/unknown/cases/371d61eb559b29638bdd41d9574704a5029b01d201461e3ae4c3fd05590fe2bb,analysis-results/malware/unclassified/versions/unknown/cases/371d61eb559b29638bdd41d9574704a5029b01d201461e3ae4c3fd05590fe2bb/FEATURES.md
P1,unclassified,379fa7dc5e9d0c24ccc447b94e6411073a3b632167f2f829e11cd9de9be6143c,unknown,explicit_unrecovered,2026-07-31,terminal_payload_unrecovered,human_documented_terminal_gap,analysis-results/malware/unclassified/versions/unknown/cases/379fa7dc5e9d0c24ccc447b94e6411073a3b632167f2f829e11cd9de9be6143c,analysis-results/malware/unclassified/versions/unknown/cases/379fa7dc5e9d0c24ccc447b94e6411073a3b632167f2f829e11cd9de9be6143c/FEATURES.md
P1,unclassified,392a891929839c17887143fe1125f845763335821a61b83cf6a2a291d79b1885,unknown,explicit_unrecovered,2026-08-01,terminal_payload_unrecovered,human_documented_terminal_gap,analysis-results/malware/unclassified/versions/unknown/cases/392a891929839c17887143fe1125f845763335821a61b83cf6a2a291d79b1885,analysis-results/malware/unclassified/versions/unknown/cases/392a891929839c17887143fe1125f845763335821a61b83cf6a2a291d79b1885/FEATURES.md
P1,unclassified,396f7b1f5922dc332aad6107b4d5ab9e1ce71481a5d5b202ebc560099d8395c0,unknown,explicit_unrecovered,2026-08-01,terminal_payload_unrecovered,human_documented_terminal_gap,analysis-results/malware/unclassified/versions/unknown/cases/396f7b1f5922dc332aad6107b4d5ab9e1ce71481a5d5b202ebc560099d8395c0,analysis-results/malware/unclassified/versions/unknown/cases/396f7b1f5922dc332aad6107b4d5ab9e1ce71481a5d5b202ebc560099d8395c0/FEATURES.md
P1,unclassified,3bca307dad153377af5b86b3bc5093b616dc61ad8f5225b41fe2a1f539f9b490,unknown,explicit_unrecovered,2026-08-04,terminal_payload_unrecovered,human_documented_terminal_gap,analysis-results/malware/unclassified/versions/unknown/cases/3bca307dad153377af5b86b3bc5093b616dc61ad8f5225b41fe2a1f539f9b490,analysis-results/malware/unclassified/versions/unknown/cases/3bca307dad153377af5b86b3bc5093b616dc61ad8f5225b41fe2a1f539f9b490/FEATURES.md
P1,unclassified,3d745b502431544073c1b092516c743f4037dc6ec921d41dea5786093cb08a68,unknown,explicit_unrecovered,2026-07-27,terminal_payload_unrecovered,human_documented_terminal_gap,analysis-results/malware/unclassified/versions/unknown/cases/3d745b502431544073c1b092516c743f4037dc6ec921d41dea5786093cb08a68,analysis-results/malware/unclassified/versions/unknown/cases/3d745b502431544073c1b092516c743f4037dc6ec921d41dea5786093cb08a68/FEATURES.md
P1,unclassified,418a30d149de64318e6323c91b86c856875a26eeee24b1383b38e57a0e3f0d7f,unknown,explicit_unrecovered,2026-07-30,terminal_payload_unrecovered,human_documented_terminal_gap,analysis-results/malware/unclassified/versions/unknown/cases/418a30d149de64318e6323c91b86c856875a26eeee24b1383b38e57a0e3f0d7f,analysis-results/malware/unclassified/versions/unknown/cases/418a30d149de64318e6323c91b86c856875a26eeee24b1383b38e57a0e3f0d7f/FEATURES.md
P1,unclassified,41fc136c41e7d0a88b800fa82ded8145e4fd01e80c1317c96d772cf7b9313b68,unknown,explicit_unrecovered,2026-07-22,terminal_payload_unrecovered,human_documented_terminal_gap,analysis-results/malware/unclassified/versions/unknown/cases/41fc136c41e7d0a88b800fa82ded8145e4fd01e80c1317c96d772cf7b9313b68,analysis-results/malware/unclassified/versions/unknown/cases/41fc136c41e7d0a88b800fa82ded8145e4fd01e80c1317c96d772cf7b9313b68/FEATURES.md
P1,unclassified,43b79ae0f1fc1311b7d61c1b48d6e73c2ddd89c7ce469aac8d0e7f0217f3816f,unknown,explicit_unrecovered,2026-08-05,terminal_payload_unrecovered,human_documented_terminal_gap,analysis-results/malware/unclassified/versions/unknown/cases/43b79ae0f1fc1311b7d61c1b48d6e73c2ddd89c7ce469aac8d0e7f0217f3816f,analysis-results/malware/unclassified/versions/unknown/cases/43b79ae0f1fc1311b7d61c1b48d6e73c2ddd89c7ce469aac8d0e7f0217f3816f/FEATURES.md
P1,unclassified,45880839303fe491b2676a37faaa1fe6192917b3e64de1d46858563f16518e2f,unknown,explicit_unrecovered,2026-08-04,terminal_payload_unrecovered,human_documented_terminal_gap,analysis-results/malware/unclassified/versions/unknown/cases/45880839303fe491b2676a37faaa1fe6192917b3e64de1d46858563f16518e2f,analysis-results/malware/unclassified/versions/unknown/cases/45880839303fe491b2676a37faaa1fe6192917b3e64de1d46858563f16518e2f/FEATURES.md
P1,unclassified,45f16a66c72637fc6b473f23896e73b7a8a3e88d564ab1541a7ee39a5b41e441,unknown,explicit_unrecovered,2026-07-27,terminal_payload_unrecovered,human_documented_terminal_gap,analysis-results/malware/unclassified/versions/unknown/cases/45f16a66c72637fc6b473f23896e73b7a8a3e88d564ab1541a7ee39a5b41e441,analysis-results/malware/unclassified/versions/unknown/cases/45f16a66c72637fc6b473f23896e73b7a8a3e88d564ab1541a7ee39a5b41e441/FEATURES.md
P1,unclassified,46268916a2daa6d1af68366ec1baf9bb2514a4486395288c9118019f1f49fc32,unknown,explicit_unrecovered,2026-08-02,terminal_payload_unrecovered,human_documented_terminal_gap,analysis-results/malware/unclassified/versions/unknown/cases/46268916a2daa6d1af68366ec1baf9bb2514a4486395288c9118019f1f49fc32,analysis-results/malware/unclassified/versions/unknown/cases/46268916a2daa6d1af68366ec1baf9bb2514a4486395288c9118019f1f49fc32/FEATURES.md
P1,unclassified,467ed1f5cfbbb2bbb6f90f75d1b2bcd99dbeb38a65cc4bcc7bd39767a62d5676,unknown,explicit_unrecovered,2026-08-07,terminal_payload_unrecovered,human_documented_terminal_gap,analysis-results/malware/unclassified/versions/unknown/cases/467ed1f5cfbbb2bbb6f90f75d1b2bcd99dbeb38a65cc4bcc7bd39767a62d5676,analysis-results/malware/unclassified/versions/unknown/cases/467ed1f5cfbbb2bbb6f90f75d1b2bcd99dbeb38a65cc4bcc7bd39767a62d5676/FEATURES.md
P1,unclassified,46b70348d87262640dd2510b0b6c2d0d9ba9ea1de135c7112405fdf7d08a7efd,unknown,explicit_unrecovered,2026-07-23,terminal_payload_unrecovered,human_documented_terminal_gap,analysis-results/malware/unclassified/versions/unknown/cases/46b70348d87262640dd2510b0b6c2d0d9ba9ea1de135c7112405fdf7d08a7efd,analysis-results/malware/unclassified/versions/unknown/cases/46b70348d87262640dd2510b0b6c2d0d9ba9ea1de135c7112405fdf7d08a7efd/FEATURES.md
P1,unclassified,4794369d13f654f8e7d5865733d21e0c34607672c14c3c058846e782ffe118fa,unknown,explicit_unrecovered,2026-08-04,terminal_payload_unrecovered,human_documented_terminal_gap,analysis-results/malware/unclassified/versions/unknown/cases/4794369d13f654f8e7d5865733d21e0c34607672c14c3c058846e782ffe118fa,analysis-results/malware/unclassified/versions/unknown/cases/4794369d13f654f8e7d5865733d21e0c34607672c14c3c058846e782ffe118fa/FEATURES.md
P1,unclassified,4814838500d5650f8ef755e26ca09cc09808209519a18b8758aaa2a3864c9601,unknown,explicit_unrecovered,2026-07-22,terminal_payload_unrecovered,human_documented_terminal_gap,analysis-results/malware/unclassified/versions/unknown/cases/4814838500d5650f8ef755e26ca09cc09808209519a18b8758aaa2a3864c9601,analysis-results/malware/unclassified/versions/unknown/cases/4814838500d5650f8ef755e26ca09cc09808209519a18b8758aaa2a3864c9601/FEATURES.md
P1,unclassified,4863a52ea633c1894b1331ae5cf4470e43be15e09765983a5f2bc853a6578a56,unknown,explicit_unrecovered,2026-08-05,terminal_payload_unrecovered,human_documented_terminal_gap,analysis-results/malware/unclassified/versions/unknown/cases/4863a52ea633c1894b1331ae5cf4470e43be15e09765983a5f2bc853a6578a56,analysis-results/malware/unclassified/versions/unknown/cases/4863a52ea633c1894b1331ae5cf4470e43be15e09765983a5f2bc853a6578a56/FEATURES.md
P1,unclassified,495609c54d92864f5acaacf9a7b3afb93651eda94011924124e3d9f5fee87f0e,unknown,explicit_unrecovered,2026-07-31,terminal_payload_unrecovered,human_documented_terminal_gap,analysis-results/malware/unclassified/versions/unknown/cases/495609c54d92864f5acaacf9a7b3afb93651eda94011924124e3d9f5fee87f0e,analysis-results/malware/unclassified/versions/unknown/cases/495609c54d92864f5acaacf9a7b3afb93651eda94011924124e3d9f5fee87f0e/FEATURES.md
P1,unclassified,499c922bab4e4a90f7aeea989003cacbfbf8e0a5adf3445fcd9218a233a28308,unknown,explicit_unrecovered,2026-07-31,terminal_payload_unrecovered,human_documented_terminal_gap,analysis-results/malware/unclassified/versions/unknown/cases/499c922bab4e4a90f7aeea989003cacbfbf8e0a5adf3445fcd9218a233a28308,analysis-results/malware/unclassified/versions/unknown/cases/499c922bab4e4a90f7aeea989003cacbfbf8e0a5adf3445fcd9218a233a28308/FEATURES.md
P1,unclassified,4b67a337ba1a61a00d4145cad082fadc3a6daee3949f3dbe081680d3a6febe20,unknown,explicit_unrecovered,2026-08-02,terminal_payload_unrecovered,human_documented_terminal_gap,analysis-results/malware/unclassified/versions/unknown/cases/4b67a337ba1a61a00d4145cad082fadc3a6daee3949f3dbe081680d3a6febe20,analysis-results/malware/unclassified/versions/unknown/cases/4b67a337ba1a61a00d4145cad082fadc3a6daee3949f3dbe081680d3a6febe20/FEATURES.md
P1,unclassified,4c093033413b4e878b2e1dd73ccdd098652d2aa99b06818630d2107b0f2ddfd3,unknown,explicit_unrecovered,2026-07-28,terminal_payload_unrecovered,human_documented_terminal_gap,analysis-results/malware/unclassified/versions/unknown/cases/4c093033413b4e878b2e1dd73ccdd098652d2aa99b06818630d2107b0f2ddfd3,analysis-results/malware/unclassified/versions/unknown/cases/4c093033413b4e878b2e1dd73ccdd098652d2aa99b06818630d2107b0f2ddfd3/FEATURES.md
P1,unclassified,4c17b8c2d287de19641026b61af6567c2f08f65888fd7a620a919e83a2c08895,unknown,explicit_unrecovered,2026-08-01,terminal_payload_unrecovered,human_documented_terminal_gap,analysis-results/malware/unclassified/versions/unknown/cases/4c17b8c2d287de19641026b61af6567c2f08f65888fd7a620a919e83a2c08895,analysis-results/malware/unclassified/versions/unknown/cases/4c17b8c2d287de19641026b61af6567c2f08f65888fd7a620a919e83a2c08895/FEATURES.md
P1,unclassified,4cef725a2fd962110be3b7ad4e01518a78d3bec24e7d078a5fbe1b35f38d9d2a,unknown,explicit_unrecovered,2026-08-01,terminal_payload_unrecovered,human_documented_terminal_gap,analysis-results/malware/unclassified/versions/unknown/cases/4cef725a2fd962110be3b7ad4e01518a78d3bec24e7d078a5fbe1b35f38d9d2a,analysis-results/malware/unclassified/versions/unknown/cases/4cef725a2fd962110be3b7ad4e01518a78d3bec24e7d078a5fbe1b35f38d9d2a/FEATURES.md
P1,unclassified,4d6b9a762f56774197e83539ac36761eeb9e1bc21c12f60f046034bd6a3925ea,unknown,explicit_unrecovered,2026-08-01,terminal_payload_unrecovered,human_documented_terminal_gap,analysis-results/malware/unclassified/versions/unknown/cases/4d6b9a762f56774197e83539ac36761eeb9e1bc21c12f60f046034bd6a3925ea,analysis-results/malware/unclassified/versions/unknown/cases/4d6b9a762f56774197e83539ac36761eeb9e1bc21c12f60f046034bd6a3925ea/FEATURES.md
P1,unclassified,4d812e300f9ce078bfc2a339214d924adb3b8cacb926df370bd3d4bfe758a16a,unknown,explicit_unrecovered,2026-07-31,terminal_payload_unrecovered,human_documented_terminal_gap,analysis-results/malware/unclassified/versions/unknown/cases/4d812e300f9ce078bfc2a339214d924adb3b8cacb926df370bd3d4bfe758a16a,analysis-results/malware/unclassified/versions/unknown/cases/4d812e300f9ce078bfc2a339214d924adb3b8cacb926df370bd3d4bfe758a16a/FEATURES.md
P1,unclassified,4df1106046d65792929991850f001c0447208112ccb1605cb7020627ca8a4d67,unknown,explicit_unrecovered,2026-07-31,terminal_payload_unrecovered,human_documented_terminal_gap,analysis-results/malware/unclassified/versions/unknown/cases/4df1106046d65792929991850f001c0447208112ccb1605cb7020627ca8a4d67,analysis-results/malware/unclassified/versions/unknown/cases/4df1106046d65792929991850f001c0447208112ccb1605cb7020627ca8a4d67/FEATURES.md
P1,unclassified,50acfb7810e0efc90ae24b1c10dda449a253b0583372ccaec0845e8193b7c8db,unknown,explicit_unrecovered,2026-08-01,terminal_payload_unrecovered,human_documented_terminal_gap,analysis-results/malware/unclassified/versions/unknown/cases/50acfb7810e0efc90ae24b1c10dda449a253b0583372ccaec0845e8193b7c8db,analysis-results/malware/unclassified/versions/unknown/cases/50acfb7810e0efc90ae24b1c10dda449a253b0583372ccaec0845e8193b7c8db/FEATURES.md
P1,unclassified,537dea2679e48b347b6bc905d2eb17b4dde6855cf82bcea4ec5486f2c221346f,unknown,explicit_unrecovered,2026-07-30,terminal_payload_unrecovered,human_documented_terminal_gap,analysis-results/malware/unclassified/versions/unknown/cases/537dea2679e48b347b6bc905d2eb17b4dde6855cf82bcea4ec5486f2c221346f,analysis-results/malware/unclassified/versions/unknown/cases/537dea2679e48b347b6bc905d2eb17b4dde6855cf82bcea4ec5486f2c221346f/FEATURES.md
P1,unclassified,53ba5fd24bbf81d3a2fc53af19884b8ebb6344281891bdb78adb924a1f65b40b,unknown,explicit_unrecovered,2026-07-26,terminal_payload_unrecovered,human_documented_terminal_gap,analysis-results/malware/unclassified/versions/unknown/cases/53ba5fd24bbf81d3a2fc53af19884b8ebb6344281891bdb78adb924a1f65b40b,analysis-results/malware/unclassified/versions/unknown/cases/53ba5fd24bbf81d3a2fc53af19884b8ebb6344281891bdb78adb924a1f65b40b/FEATURES.md
P1,unclassified,559529c54442aea6d6aa5639e51e8144bba3cc6fc5c658e0d59d58411b05c0b4,unknown,explicit_unrecovered,2026-08-05,terminal_payload_unrecovered,human_documented_terminal_gap,analysis-results/malware/unclassified/versions/unknown/cases/559529c54442aea6d6aa5639e51e8144bba3cc6fc5c658e0d59d58411b05c0b4,analysis-results/malware/unclassified/versions/unknown/cases/559529c54442aea6d6aa5639e51e8144bba3cc6fc5c658e0d59d58411b05c0b4/FEATURES.md
P1,unclassified,559d3969ebcf028eb5c9504b69f35f938718312c3c45ec9579a3b1a0b9ca97ea,unknown,explicit_unrecovered,2026-07-23,terminal_payload_unrecovered,human_documented_terminal_gap,analysis-results/malware/unclassified/versions/unknown/cases/559d3969ebcf028eb5c9504b69f35f938718312c3c45ec9579a3b1a0b9ca97ea,analysis-results/malware/unclassified/versions/unknown/cases/559d3969ebcf028eb5c9504b69f35f938718312c3c45ec9579a3b1a0b9ca97ea/FEATURES.md
P1,unclassified,58c82c9228092f04aad7de7429f5529940d5d08ab8352691d68887ca24699e52,unknown,explicit_unrecovered,2026-08-06,terminal_payload_unrecovered,human_documented_terminal_gap,analysis-results/malware/unclassified/versions/unknown/cases/58c82c9228092f04aad7de7429f5529940d5d08ab8352691d68887ca24699e52,analysis-results/malware/unclassified/versions/unknown/cases/58c82c9228092f04aad7de7429f5529940d5d08ab8352691d68887ca24699e52/FEATURES.md
P1,unclassified,58f45441bc2e9b98470a8548f20a68042265aa4a875c099f65989aa9c065fea8,unknown,explicit_unrecovered,,terminal_payload_unrecovered,human_documented_terminal_gap,analysis-results/malware/unclassified/versions/unknown/cases/58f45441bc2e9b98470a8548f20a68042265aa4a875c099f65989aa9c065fea8,analysis-results/malware/unclassified/versions/unknown/cases/58f45441bc2e9b98470a8548f20a68042265aa4a875c099f65989aa9c065fea8/config.json
P1,unclassified,59761bd256f7f015ebb6563899da74a132ab7286a5b5e5a8f61cafcece9fab8c,unknown,explicit_unrecovered,2026-07-31,terminal_payload_unrecovered,human_documented_terminal_gap,analysis-results/malware/unclassified/versions/unknown/cases/59761bd256f7f015ebb6563899da74a132ab7286a5b5e5a8f61cafcece9fab8c,analysis-results/malware/unclassified/versions/unknown/cases/59761bd256f7f015ebb6563899da74a132ab7286a5b5e5a8f61cafcece9fab8c/FEATURES.md
P1,unclassified,5bab10c1591c7266cbfc42b0e40ee060ba34ad4cf5cfd0d7a1913516c836953c,unknown,explicit_unrecovered,2026-08-05,terminal_payload_unrecovered,human_documented_terminal_gap,analysis-results/malware/unclassified/versions/unknown/cases/5bab10c1591c7266cbfc42b0e40ee060ba34ad4cf5cfd0d7a1913516c836953c,analysis-results/malware/unclassified/versions/unknown/cases/5bab10c1591c7266cbfc42b0e40ee060ba34ad4cf5cfd0d7a1913516c836953c/FEATURES.md
P1,unclassified,5bee3cf919dc5bb90de4be716a5e035b05803c1618795382546a735629c79e2e,unknown,explicit_unrecovered,2026-07-29,terminal_payload_unrecovered,human_documented_terminal_gap,analysis-results/malware/unclassified/versions/unknown/cases/5bee3cf919dc5bb90de4be716a5e035b05803c1618795382546a735629c79e2e,analysis-results/malware/unclassified/versions/unknown/cases/5bee3cf919dc5bb90de4be716a5e035b05803c1618795382546a735629c79e2e/FEATURES.md
P1,unclassified,5c33e3dfa983e99e0dc1618fdf7893c43182d6ef079f34fe3c94887b63ab274c,unknown,explicit_unrecovered,2026-07-29,terminal_payload_unrecovered,human_documented_terminal_gap,analysis-results/malware/unclassified/versions/unknown/cases/5c33e3dfa983e99e0dc1618fdf7893c43182d6ef079f34fe3c94887b63ab274c,analysis-results/malware/unclassified/versions/unknown/cases/5c33e3dfa983e99e0dc1618fdf7893c43182d6ef079f34fe3c94887b63ab274c/FEATURES.md
P1,unclassified,5c36d884cc8bb55a906013fadf14f21bf4a10fc57861633bd44d90f800c090d8,unknown,explicit_unrecovered,2026-08-02,terminal_payload_unrecovered,human_documented_terminal_gap,analysis-results/malware/unclassified/versions/unknown/cases/5c36d884cc8bb55a906013fadf14f21bf4a10fc57861633bd44d90f800c090d8,analysis-results/malware/unclassified/versions/unknown/cases/5c36d884cc8bb55a906013fadf14f21bf4a10fc57861633bd44d90f800c090d8/FEATURES.md
P1,unclassified,5ca996e9664fa0e9d37fe47a30044123599e97b93781c708e79009ed6cfe9f00,unknown,explicit_unrecovered,2026-08-06,terminal_payload_unrecovered,human_documented_terminal_gap,analysis-results/malware/unclassified/versions/unknown/cases/5ca996e9664fa0e9d37fe47a30044123599e97b93781c708e79009ed6cfe9f00,analysis-results/malware/unclassified/versions/unknown/cases/5ca996e9664fa0e9d37fe47a30044123599e97b93781c708e79009ed6cfe9f00/FEATURES.md
P1,unclassified,5ebd72bc4be1f7a211fd9d0088966358e5a424190c3347f17db047c462973b28,unknown,explicit_unrecovered,2026-08-04,terminal_payload_unrecovered,human_documented_terminal_gap,analysis-results/malware/unclassified/versions/unknown/cases/5ebd72bc4be1f7a211fd9d0088966358e5a424190c3347f17db047c462973b28,analysis-results/malware/unclassified/versions/unknown/cases/5ebd72bc4be1f7a211fd9d0088966358e5a424190c3347f17db047c462973b28/FEATURES.md
P1,unclassified,5ec7d947edd27000fd124d2f09be065b9b81f003e69043ce490af92aacbdfb14,unknown,explicit_unrecovered,2026-08-03,terminal_payload_unrecovered,human_documented_terminal_gap,analysis-results/malware/unclassified/versions/unknown/cases/5ec7d947edd27000fd124d2f09be065b9b81f003e69043ce490af92aacbdfb14,analysis-results/malware/unclassified/versions/unknown/cases/5ec7d947edd27000fd124d2f09be065b9b81f003e69043ce490af92aacbdfb14/FEATURES.md
P1,unclassified,5f1225fee9a3329606862f1f8b2e4100f06e9b3c874cd319f763dcdd030a650c,unknown,explicit_unrecovered,2026-07-28,terminal_payload_unrecovered,human_documented_terminal_gap,analysis-results/malware/unclassified/versions/unknown/cases/5f1225fee9a3329606862f1f8b2e4100f06e9b3c874cd319f763dcdd030a650c,analysis-results/malware/unclassified/versions/unknown/cases/5f1225fee9a3329606862f1f8b2e4100f06e9b3c874cd319f763dcdd030a650c/FEATURES.md
P1,unclassified,5f2d2264cae64248c38b3940eca73d7a4fef4cba9d1af4f9f31fcac691021233,unknown,explicit_unrecovered,2026-08-04,terminal_payload_unrecovered,human_documented_terminal_gap,analysis-results/malware/unclassified/versions/unknown/cases/5f2d2264cae64248c38b3940eca73d7a4fef4cba9d1af4f9f31fcac691021233,analysis-results/malware/unclassified/versions/unknown/cases/5f2d2264cae64248c38b3940eca73d7a4fef4cba9d1af4f9f31fcac691021233/FEATURES.md
P1,unclassified,5f76fc369f3f759a64fe0770294a303c918c1dca5af021ba9ea0bbc7ab2559f6,unknown,explicit_unrecovered,2026-08-02,terminal_payload_unrecovered,human_documented_terminal_gap,analysis-results/malware/unclassified/versions/unknown/cases/5f76fc369f3f759a64fe0770294a303c918c1dca5af021ba9ea0bbc7ab2559f6,analysis-results/malware/unclassified/versions/unknown/cases/5f76fc369f3f759a64fe0770294a303c918c1dca5af021ba9ea0bbc7ab2559f6/FEATURES.md
P1,unclassified,601080635c9ccd34b65b0fa5852282a58bac0eee8c01120beb1fd852a2d31e66,unknown,explicit_unrecovered,2026-07-23,terminal_payload_unrecovered,human_documented_terminal_gap,analysis-results/malware/unclassified/versions/unknown/cases/601080635c9ccd34b65b0fa5852282a58bac0eee8c01120beb1fd852a2d31e66,analysis-results/malware/unclassified/versions/unknown/cases/601080635c9ccd34b65b0fa5852282a58bac0eee8c01120beb1fd852a2d31e66/FEATURES.md
P1,unclassified,60e66eaa948273a5fbb3701ce3636d007ab0e91fc98be4801ccedb99b204b313,unknown,explicit_unrecovered,2026-07-23,terminal_payload_unrecovered,human_documented_terminal_gap,analysis-results/malware/unclassified/versions/unknown/cases/60e66eaa948273a5fbb3701ce3636d007ab0e91fc98be4801ccedb99b204b313,analysis-results/malware/unclassified/versions/unknown/cases/60e66eaa948273a5fbb3701ce3636d007ab0e91fc98be4801ccedb99b204b313/FEATURES.md
P1,unclassified,63b0ac72171150804e00d64c5ecb209b7347c68db5aa8a7f97c965abf5f5dad6,unknown,explicit_unrecovered,2026-08-01,terminal_payload_unrecovered,human_documented_terminal_gap,analysis-results/malware/unclassified/versions/unknown/cases/63b0ac72171150804e00d64c5ecb209b7347c68db5aa8a7f97c965abf5f5dad6,analysis-results/malware/unclassified/versions/unknown/cases/63b0ac72171150804e00d64c5ecb209b7347c68db5aa8a7f97c965abf5f5dad6/FEATURES.md
P1,unclassified,6414a3635380ca1f3ae2c2fcda43f16d3d398e4344520deb7e09b04d93960037,unknown,explicit_unrecovered,2026-08-03,terminal_payload_unrecovered,human_documented_terminal_gap,analysis-results/malware/unclassified/versions/unknown/cases/6414a3635380ca1f3ae2c2fcda43f16d3d398e4344520deb7e09b04d93960037,analysis-results/malware/unclassified/versions/unknown/cases/6414a3635380ca1f3ae2c2fcda43f16d3d398e4344520deb7e09b04d93960037/FEATURES.md
P1,unclassified,670e15d21d6ffa4f89be367e9c0007eab1d123f8f92d1af8ac95de8a935e7332,unknown,explicit_unrecovered,2026-08-06,terminal_payload_unrecovered,human_documented_terminal_gap,analysis-results/malware/unclassified/versions/unknown/cases/670e15d21d6ffa4f89be367e9c0007eab1d123f8f92d1af8ac95de8a935e7332,analysis-results/malware/unclassified/versions/unknown/cases/670e15d21d6ffa4f89be367e9c0007eab1d123f8f92d1af8ac95de8a935e7332/FEATURES.md
P1,unclassified,677127548a230525e1a073d19dc64939dcbd942e4dea123bd76c30154fc7df2b,unknown,explicit_unrecovered,2026-08-04,terminal_payload_unrecovered,human_documented_terminal_gap,analysis-results/malware/unclassified/versions/unknown/cases/677127548a230525e1a073d19dc64939dcbd942e4dea123bd76c30154fc7df2b,analysis-results/malware/unclassified/versions/unknown/cases/677127548a230525e1a073d19dc64939dcbd942e4dea123bd76c30154fc7df2b/FEATURES.md
P1,unclassified,686492d6fdc77d25ac4965be3fcc2cf0bb51bfdb41cc52f500aa45f542fe6660,unknown,explicit_unrecovered,2026-07-22,terminal_payload_unrecovered,human_documented_terminal_gap,analysis-results/malware/unclassified/versions/unknown/cases/686492d6fdc77d25ac4965be3fcc2cf0bb51bfdb41cc52f500aa45f542fe6660,analysis-results/malware/unclassified/versions/unknown/cases/686492d6fdc77d25ac4965be3fcc2cf0bb51bfdb41cc52f500aa45f542fe6660/FEATURES.md
P1,unclassified,690650578100544f260abea3b5a7c6279ff52c281032d58e9b51bdfe8ce2fddf,unknown,explicit_unrecovered,2026-08-03,terminal_payload_unrecovered,human_documented_terminal_gap,analysis-results/malware/unclassified/versions/unknown/cases/690650578100544f260abea3b5a7c6279ff52c281032d58e9b51bdfe8ce2fddf,analysis-results/malware/unclassified/versions/unknown/cases/690650578100544f260abea3b5a7c6279ff52c281032d58e9b51bdfe8ce2fddf/FEATURES.md
P1,unclassified,694a3bab92e60e6760649fd40e97c04ff03faded2073e7a0c2e061229bf7820a,unknown,explicit_unrecovered,2026-07-23,terminal_payload_unrecovered,human_documented_terminal_gap,analysis-results/malware/unclassified/versions/unknown/cases/694a3bab92e60e6760649fd40e97c04ff03faded2073e7a0c2e061229bf7820a,analysis-results/malware/unclassified/versions/unknown/cases/694a3bab92e60e6760649fd40e97c04ff03faded2073e7a0c2e061229bf7820a/FEATURES.md
P1,unclassified,69e8a73e215114989a0d9c5c9c666587057e2bcf1c29b1fb7d45e1cb38a715de,unknown,explicit_unrecovered,2026-07-30,terminal_payload_unrecovered,human_documented_terminal_gap,analysis-results/malware/unclassified/versions/unknown/cases/69e8a73e215114989a0d9c5c9c666587057e2bcf1c29b1fb7d45e1cb38a715de,analysis-results/malware/unclassified/versions/unknown/cases/69e8a73e215114989a0d9c5c9c666587057e2bcf1c29b1fb7d45e1cb38a715de/FEATURES.md
P1,unclassified,6b3062c7b0408711b942f47e3d30d776a91d3963c3a243408d2421f164f2b987,unknown,explicit_unrecovered,2026-08-08,terminal_payload_unrecovered,human_documented_terminal_gap,analysis-results/malware/unclassified/versions/unknown/cases/6b3062c7b0408711b942f47e3d30d776a91d3963c3a243408d2421f164f2b987,analysis-results/malware/unclassified/versions/unknown/cases/6b3062c7b0408711b942f47e3d30d776a91d3963c3a243408d2421f164f2b987/FEATURES.md
P1,unclassified,6bcd0a97bb8c444b66e686e2bceb32cccf4090f13b6b5ed778c0341e31fe9d8a,unknown,explicit_unrecovered,2026-08-02,terminal_payload_unrecovered,human_documented_terminal_gap,analysis-results/malware/unclassified/versions/unknown/cases/6bcd0a97bb8c444b66e686e2bceb32cccf4090f13b6b5ed778c0341e31fe9d8a,analysis-results/malware/unclassified/versions/unknown/cases/6bcd0a97bb8c444b66e686e2bceb32cccf4090f13b6b5ed778c0341e31fe9d8a/FEATURES.md
P1,unclassified,6be297553f7f63f4d32b4c8618052324ce0c3161f4c3fac77eca42cd29d9b577,unknown,explicit_unrecovered,2026-08-07,terminal_payload_unrecovered,human_documented_terminal_gap,analysis-results/malware/unclassified/versions/unknown/cases/6be297553f7f63f4d32b4c8618052324ce0c3161f4c3fac77eca42cd29d9b577,analysis-results/malware/unclassified/versions/unknown/cases/6be297553f7f63f4d32b4c8618052324ce0c3161f4c3fac77eca42cd29d9b577/FEATURES.md
P1,unclassified,6e67cde5f83e4a64ba7a626f46240979a840163e1595b7219ee850fac6826444,unknown,explicit_unrecovered,2026-08-01,terminal_payload_unrecovered,human_documented_terminal_gap,analysis-results/malware/unclassified/versions/unknown/cases/6e67cde5f83e4a64ba7a626f46240979a840163e1595b7219ee850fac6826444,analysis-results/malware/unclassified/versions/unknown/cases/6e67cde5f83e4a64ba7a626f46240979a840163e1595b7219ee850fac6826444/FEATURES.md
P1,unclassified,7290ffa77eabbde606bfc3590af9f8dc78809ec19c9ea436304f3134b6e4fc4e,unknown,explicit_unrecovered,2026-07-31,terminal_payload_unrecovered,human_documented_terminal_gap,analysis-results/malware/unclassified/versions/unknown/cases/7290ffa77eabbde606bfc3590af9f8dc78809ec19c9ea436304f3134b6e4fc4e,analysis-results/malware/unclassified/versions/unknown/cases/7290ffa77eabbde606bfc3590af9f8dc78809ec19c9ea436304f3134b6e4fc4e/FEATURES.md
P1,unclassified,732d975dd11cc538475be1c8241c8073ae4eec0df32dc1943ede5ae6c1b488ad,unknown,explicit_unrecovered,2026-08-04,terminal_payload_unrecovered,human_documented_terminal_gap,analysis-results/malware/unclassified/versions/unknown/cases/732d975dd11cc538475be1c8241c8073ae4eec0df32dc1943ede5ae6c1b488ad,analysis-results/malware/unclassified/versions/unknown/cases/732d975dd11cc538475be1c8241c8073ae4eec0df32dc1943ede5ae6c1b488ad/FEATURES.md
P1,unclassified,741fa61fcdb50dc300afc1b626d9414bc573005f541a6eec38d60782cf444055,unknown,explicit_unrecovered,2026-07-30,terminal_payload_unrecovered,human_documented_terminal_gap,analysis-results/malware/unclassified/versions/unknown/cases/741fa61fcdb50dc300afc1b626d9414bc573005f541a6eec38d60782cf444055,analysis-results/malware/unclassified/versions/unknown/cases/741fa61fcdb50dc300afc1b626d9414bc573005f541a6eec38d60782cf444055/FEATURES.md
P1,unclassified,74b3cf6d93a3afdd46589c02250d99d4165b5a025acd60b62e4bc3fc4970a2a1,unknown,explicit_unrecovered,2026-08-02,terminal_payload_unrecovered,human_documented_terminal_gap,analysis-results/malware/unclassified/versions/unknown/cases/74b3cf6d93a3afdd46589c02250d99d4165b5a025acd60b62e4bc3fc4970a2a1,analysis-results/malware/unclassified/versions/unknown/cases/74b3cf6d93a3afdd46589c02250d99d4165b5a025acd60b62e4bc3fc4970a2a1/FEATURES.md
P1,unclassified,75ae5ef8c6db196c5545ceaa4dc1ac3f916d50b18d5ff73f16a5e3e3cd500a44,unknown,explicit_unrecovered,2026-08-05,terminal_payload_unrecovered,human_documented_terminal_gap,analysis-results/malware/unclassified/versions/unknown/cases/75ae5ef8c6db196c5545ceaa4dc1ac3f916d50b18d5ff73f16a5e3e3cd500a44,analysis-results/malware/unclassified/versions/unknown/cases/75ae5ef8c6db196c5545ceaa4dc1ac3f916d50b18d5ff73f16a5e3e3cd500a44/FEATURES.md
P1,unclassified,75ec6ba7daa02f22c6a1cb3e9d3a642a2ebeaef99128519919f747211e4e84f7,unknown,explicit_unrecovered,2026-07-29,terminal_payload_unrecovered,human_documented_terminal_gap,analysis-results/malware/unclassified/versions/unknown/cases/75ec6ba7daa02f22c6a1cb3e9d3a642a2ebeaef99128519919f747211e4e84f7,analysis-results/malware/unclassified/versions/unknown/cases/75ec6ba7daa02f22c6a1cb3e9d3a642a2ebeaef99128519919f747211e4e84f7/FEATURES.md
P1,unclassified,762d34adaef9bdd6a5a6e2d894bb4c5bda434e8740360adf82a399d7d1f7f46c,unknown,explicit_unrecovered,2026-07-23,terminal_payload_unrecovered,human_documented_terminal_gap,analysis-results/malware/unclassified/versions/unknown/cases/762d34adaef9bdd6a5a6e2d894bb4c5bda434e8740360adf82a399d7d1f7f46c,analysis-results/malware/unclassified/versions/unknown/cases/762d34adaef9bdd6a5a6e2d894bb4c5bda434e8740360adf82a399d7d1f7f46c/FEATURES.md
P1,unclassified,76b47051e000721df4a6227e81066a890fe4e34ba742e98e13753ee4b6eab890,unknown,explicit_unrecovered,2026-08-01,terminal_payload_unrecovered,human_documented_terminal_gap,analysis-results/malware/unclassified/versions/unknown/cases/76b47051e000721df4a6227e81066a890fe4e34ba742e98e13753ee4b6eab890,analysis-results/malware/unclassified/versions/unknown/cases/76b47051e000721df4a6227e81066a890fe4e34ba742e98e13753ee4b6eab890/FEATURES.md
P1,unclassified,78522cef155cb91d0d141e669e1d86496b2f99bd12ca1aa8cb5e71feb2f6a85e,unknown,explicit_unrecovered,2026-07-31,terminal_payload_unrecovered,human_documented_terminal_gap,analysis-results/malware/unclassified/versions/unknown/cases/78522cef155cb91d0d141e669e1d86496b2f99bd12ca1aa8cb5e71feb2f6a85e,analysis-results/malware/unclassified/versions/unknown/cases/78522cef155cb91d0d141e669e1d86496b2f99bd12ca1aa8cb5e71feb2f6a85e/FEATURES.md
P1,unclassified,79dd36d63a0be08b3ad2e0c5da9b5badf41ffc6c087244bd17428631a8d9d973,unknown,explicit_unrecovered,2026-07-27,terminal_payload_unrecovered,human_documented_terminal_gap,analysis-results/malware/unclassified/versions/unknown/cases/79dd36d63a0be08b3ad2e0c5da9b5badf41ffc6c087244bd17428631a8d9d973,analysis-results/malware/unclassified/versions/unknown/cases/79dd36d63a0be08b3ad2e0c5da9b5badf41ffc6c087244bd17428631a8d9d973/FEATURES.md
P1,unclassified,7aeaca94df5d44c5b6f28ddf998992ba0c872286bf49e00d7d206405dc910ef4,unknown,explicit_unrecovered,2026-08-04,terminal_payload_unrecovered,human_documented_terminal_gap,analysis-results/malware/unclassified/versions/unknown/cases/7aeaca94df5d44c5b6f28ddf998992ba0c872286bf49e00d7d206405dc910ef4,analysis-results/malware/unclassified/versions/unknown/cases/7aeaca94df5d44c5b6f28ddf998992ba0c872286bf49e00d7d206405dc910ef4/FEATURES.md
P1,unclassified,7d12e39e2b0c6bb9b259e1f697e30d9dc9983cd4acc02a847ad6bef75310339c,unknown,explicit_unrecovered,2026-07-22,terminal_payload_unrecovered,human_documented_terminal_gap,analysis-results/malware/unclassified/versions/unknown/cases/7d12e39e2b0c6bb9b259e1f697e30d9dc9983cd4acc02a847ad6bef75310339c,analysis-results/malware/unclassified/versions/unknown/cases/7d12e39e2b0c6bb9b259e1f697e30d9dc9983cd4acc02a847ad6bef75310339c/FEATURES.md
P1,unclassified,7d90b60e49f1589f7b076a6be149399d2d342dbf96fd30168e817ad9351498f8,unknown,explicit_unrecovered,2026-08-02,terminal_payload_unrecovered,human_documented_terminal_gap,analysis-results/malware/unclassified/versions/unknown/cases/7d90b60e49f1589f7b076a6be149399d2d342dbf96fd30168e817ad9351498f8,analysis-results/malware/unclassified/versions/unknown/cases/7d90b60e49f1589f7b076a6be149399d2d342dbf96fd30168e817ad9351498f8/FEATURES.md
P1,unclassified,7e4977e65e02f14000a305ddde3e28792603ea9cdf0fb40e6671653f720cdd56,unknown,explicit_unrecovered,2026-08-03,terminal_payload_unrecovered,human_documented_terminal_gap,analysis-results/malware/unclassified/versions/unknown/cases/7e4977e65e02f14000a305ddde3e28792603ea9cdf0fb40e6671653f720cdd56,analysis-results/malware/unclassified/versions/unknown/cases/7e4977e65e02f14000a305ddde3e28792603ea9cdf0fb40e6671653f720cdd56/FEATURES.md
P1,unclassified,7e6815495d078bff962365cd929cdcf8f0c25f24b9de5ee89bebec4af778d76f,unknown,explicit_unrecovered,2026-08-07,terminal_payload_unrecovered,human_documented_terminal_gap,analysis-results/malware/unclassified/versions/unknown/cases/7e6815495d078bff962365cd929cdcf8f0c25f24b9de5ee89bebec4af778d76f,analysis-results/malware/unclassified/versions/unknown/cases/7e6815495d078bff962365cd929cdcf8f0c25f24b9de5ee89bebec4af778d76f/FEATURES.md
P1,unclassified,7f936ffc40d08c305fb98485fcda7ed3d5dbe601d59b9a1a0e6e8ce36e54ebe9,unknown,explicit_unrecovered,2026-08-05,terminal_payload_unrecovered,human_documented_terminal_gap,analysis-results/malware/unclassified/versions/unknown/cases/7f936ffc40d08c305fb98485fcda7ed3d5dbe601d59b9a1a0e6e8ce36e54ebe9,analysis-results/malware/unclassified/versions/unknown/cases/7f936ffc40d08c305fb98485fcda7ed3d5dbe601d59b9a1a0e6e8ce36e54ebe9/FEATURES.md
P1,unclassified,8292d674d39d6793dce024c90aec1b47ec65007c569501a652878687e682d032,unknown,explicit_unrecovered,2026-07-31,terminal_payload_unrecovered,human_documented_terminal_gap,analysis-results/malware/unclassified/versions/unknown/cases/8292d674d39d6793dce024c90aec1b47ec65007c569501a652878687e682d032,analysis-results/malware/unclassified/versions/unknown/cases/8292d674d39d6793dce024c90aec1b47ec65007c569501a652878687e682d032/FEATURES.md
P1,unclassified,83dba12b70e10ff9cd75ec1ec133b9f520988d5351e8c60d59abc078bfb04109,unknown,explicit_unrecovered,2026-08-02,terminal_payload_unrecovered,human_documented_terminal_gap,analysis-results/malware/unclassified/versions/unknown/cases/83dba12b70e10ff9cd75ec1ec133b9f520988d5351e8c60d59abc078bfb04109,analysis-results/malware/unclassified/versions/unknown/cases/83dba12b70e10ff9cd75ec1ec133b9f520988d5351e8c60d59abc078bfb04109/FEATURES.md
P1,unclassified,864b83647942f5dec0746fb5a40cdcc661bbbceea0b8cbe5df0beb9f30c30d0f,unknown,explicit_unrecovered,2026-07-22,terminal_payload_unrecovered,human_documented_terminal_gap,analysis-results/malware/unclassified/versions/unknown/cases/864b83647942f5dec0746fb5a40cdcc661bbbceea0b8cbe5df0beb9f30c30d0f,analysis-results/malware/unclassified/versions/unknown/cases/864b83647942f5dec0746fb5a40cdcc661bbbceea0b8cbe5df0beb9f30c30d0f/FEATURES.md
P1,unclassified,8671ab1812189739dcb89810b3c31485229490d7ee7da8a13947739f272d82b1,unknown,explicit_unrecovered,2026-07-31,terminal_payload_unrecovered,human_documented_terminal_gap,analysis-results/malware/unclassified/versions/unknown/cases/8671ab1812189739dcb89810b3c31485229490d7ee7da8a13947739f272d82b1,analysis-results/malware/unclassified/versions/unknown/cases/8671ab1812189739dcb89810b3c31485229490d7ee7da8a13947739f272d82b1/FEATURES.md
P1,unclassified,86da9c301a25d0d818aa7a862a9329dbacb398cc16e285a9b8e4a1044a889a67,unknown,explicit_unrecovered,2026-08-02,terminal_payload_unrecovered,human_documented_terminal_gap,analysis-results/malware/unclassified/versions/unknown/cases/86da9c301a25d0d818aa7a862a9329dbacb398cc16e285a9b8e4a1044a889a67,analysis-results/malware/unclassified/versions/unknown/cases/86da9c301a25d0d818aa7a862a9329dbacb398cc16e285a9b8e4a1044a889a67/FEATURES.md
P1,unclassified,88b13ba54e94a652c3a1aae11c0dc915d8c0a45668a3000575e2c77f81a74d47,unknown,explicit_unrecovered,2026-07-31,terminal_payload_unrecovered,human_documented_terminal_gap,analysis-results/malware/unclassified/versions/unknown/cases/88b13ba54e94a652c3a1aae11c0dc915d8c0a45668a3000575e2c77f81a74d47,analysis-results/malware/unclassified/versions/unknown/cases/88b13ba54e94a652c3a1aae11c0dc915d8c0a45668a3000575e2c77f81a74d47/FEATURES.md
P1,unclassified,8970de128df9ca7689eb008b88932516c55ac84783d08faa55d925a3188504fd,unknown,explicit_unrecovered,2026-07-30,terminal_payload_unrecovered,human_documented_terminal_gap,analysis-results/malware/unclassified/versions/unknown/cases/8970de128df9ca7689eb008b88932516c55ac84783d08faa55d925a3188504fd,analysis-results/malware/unclassified/versions/unknown/cases/8970de128df9ca7689eb008b88932516c55ac84783d08faa55d925a3188504fd/FEATURES.md
P1,unclassified,8b110d1c3070c80bd01d5a94fc80ddd37bfdf6ebd6a70105d8aed0b49166125a,unknown,explicit_unrecovered,2026-07-31,terminal_payload_unrecovered,human_documented_terminal_gap,analysis-results/malware/unclassified/versions/unknown/cases/8b110d1c3070c80bd01d5a94fc80ddd37bfdf6ebd6a70105d8aed0b49166125a,analysis-results/malware/unclassified/versions/unknown/cases/8b110d1c3070c80bd01d5a94fc80ddd37bfdf6ebd6a70105d8aed0b49166125a/FEATURES.md
P1,unclassified,8ca2c6237e72f889bfebceea0e6bd6ff9e45971634e2e42f81ae10210190b35c,unknown,explicit_unrecovered,2026-08-04,terminal_payload_unrecovered,human_documented_terminal_gap,analysis-results/malware/unclassified/versions/unknown/cases/8ca2c6237e72f889bfebceea0e6bd6ff9e45971634e2e42f81ae10210190b35c,analysis-results/malware/unclassified/versions/unknown/cases/8ca2c6237e72f889bfebceea0e6bd6ff9e45971634e2e42f81ae10210190b35c/FEATURES.md
P1,unclassified,8d95c6056dd4d5da0276b9c8a8cbe0e0d0f34a719e1077c4ed810511ed81dc3f,unknown,explicit_unrecovered,2026-08-02,terminal_payload_unrecovered,human_documented_terminal_gap,analysis-results/malware/unclassified/versions/unknown/cases/8d95c6056dd4d5da0276b9c8a8cbe0e0d0f34a719e1077c4ed810511ed81dc3f,analysis-results/malware/unclassified/versions/unknown/cases/8d95c6056dd4d5da0276b9c8a8cbe0e0d0f34a719e1077c4ed810511ed81dc3f/FEATURES.md
P1,unclassified,8df36a81c2a9ad02bd7fa3fdc2b9b619cbde32b9b98fadf1595d82b478eaa62a,unknown,explicit_unrecovered,2026-07-28,terminal_payload_unrecovered,human_documented_terminal_gap,analysis-results/malware/unclassified/versions/unknown/cases/8df36a81c2a9ad02bd7fa3fdc2b9b619cbde32b9b98fadf1595d82b478eaa62a,analysis-results/malware/unclassified/versions/unknown/cases/8df36a81c2a9ad02bd7fa3fdc2b9b619cbde32b9b98fadf1595d82b478eaa62a/FEATURES.md
P1,unclassified,8f78a2bc79b2af9f852684eef9ebbeaf7858b6de808f9a19d18d9eb3987229ed,unknown,explicit_unrecovered,2026-07-30,terminal_payload_unrecovered,human_documented_terminal_gap,analysis-results/malware/unclassified/versions/unknown/cases/8f78a2bc79b2af9f852684eef9ebbeaf7858b6de808f9a19d18d9eb3987229ed,analysis-results/malware/unclassified/versions/unknown/cases/8f78a2bc79b2af9f852684eef9ebbeaf7858b6de808f9a19d18d9eb3987229ed/FEATURES.md
P1,unclassified,8fe83c4ceebaf00bfa977ff415dc067c962f7159c75431a0849d4342e505573c,unknown,explicit_unrecovered,2026-08-01,terminal_payload_unrecovered,human_documented_terminal_gap,analysis-results/malware/unclassified/versions/unknown/cases/8fe83c4ceebaf00bfa977ff415dc067c962f7159c75431a0849d4342e505573c,analysis-results/malware/unclassified/versions/unknown/cases/8fe83c4ceebaf00bfa977ff415dc067c962f7159c75431a0849d4342e505573c/FEATURES.md
P1,unclassified,90343ace902ceacf427956a7ce2986dd0e8d3caaf7a7e5e3e0d5534f6c65043b,unknown,explicit_unrecovered,2026-08-05,terminal_payload_unrecovered,human_documented_terminal_gap,analysis-results/malware/unclassified/versions/unknown/cases/90343ace902ceacf427956a7ce2986dd0e8d3caaf7a7e5e3e0d5534f6c65043b,analysis-results/malware/unclassified/versions/unknown/cases/90343ace902ceacf427956a7ce2986dd0e8d3caaf7a7e5e3e0d5534f6c65043b/FEATURES.md
P1,unclassified,9535448183b8e4345eaead5c94c4a2895f2e58c4bcc238842cb03434d48b2265,unknown,explicit_unrecovered,2026-07-31,terminal_payload_unrecovered,human_documented_terminal_gap,analysis-results/malware/unclassified/versions/unknown/cases/9535448183b8e4345eaead5c94c4a2895f2e58c4bcc238842cb03434d48b2265,analysis-results/malware/unclassified/versions/unknown/cases/9535448183b8e4345eaead5c94c4a2895f2e58c4bcc238842cb03434d48b2265/FEATURES.md
P1,unclassified,95b5ec00be672b07e4df77320cb7f3e32063038508bd6da3aea54d55d9f19784,unknown,explicit_unrecovered,2026-07-31,terminal_payload_unrecovered,human_documented_terminal_gap,analysis-results/malware/unclassified/versions/unknown/cases/95b5ec00be672b07e4df77320cb7f3e32063038508bd6da3aea54d55d9f19784,analysis-results/malware/unclassified/versions/unknown/cases/95b5ec00be672b07e4df77320cb7f3e32063038508bd6da3aea54d55d9f19784/FEATURES.md
P1,unclassified,96000ea06d9c60f12db32c005400fab457443b2ee57a9fa1dad28816cf3fa2ab,unknown,explicit_unrecovered,2026-08-07,terminal_payload_unrecovered,human_documented_terminal_gap,analysis-results/malware/unclassified/versions/unknown/cases/96000ea06d9c60f12db32c005400fab457443b2ee57a9fa1dad28816cf3fa2ab,analysis-results/malware/unclassified/versions/unknown/cases/96000ea06d9c60f12db32c005400fab457443b2ee57a9fa1dad28816cf3fa2ab/FEATURES.md
P1,unclassified,9682335b3bcca4f720c3716859a80087d289996b620a6a2ff0beaf7a64036877,unknown,explicit_unrecovered,2026-08-05,terminal_payload_unrecovered,human_documented_terminal_gap,analysis-results/malware/unclassified/versions/unknown/cases/9682335b3bcca4f720c3716859a80087d289996b620a6a2ff0beaf7a64036877,analysis-results/malware/unclassified/versions/unknown/cases/9682335b3bcca4f720c3716859a80087d289996b620a6a2ff0beaf7a64036877/FEATURES.md
P1,unclassified,98f5e6cc01bd74709e63639e75a6e4d68b6c5fb9654ae97490155792888bebdd,unknown,explicit_unrecovered,2026-07-23,terminal_payload_unrecovered,human_documented_terminal_gap,analysis-results/malware/unclassified/versions/unknown/cases/98f5e6cc01bd74709e63639e75a6e4d68b6c5fb9654ae97490155792888bebdd,analysis-results/malware/unclassified/versions/unknown/cases/98f5e6cc01bd74709e63639e75a6e4d68b6c5fb9654ae97490155792888bebdd/FEATURES.md
P1,unclassified,99394c069d6474ed22abfc96f3b73cd5f640539f85786cd3f842e4a03dd13494,unknown,explicit_unrecovered,2026-08-03,terminal_payload_unrecovered,human_documented_terminal_gap,analysis-results/malware/unclassified/versions/unknown/cases/99394c069d6474ed22abfc96f3b73cd5f640539f85786cd3f842e4a03dd13494,analysis-results/malware/unclassified/versions/unknown/cases/99394c069d6474ed22abfc96f3b73cd5f640539f85786cd3f842e4a03dd13494/FEATURES.md
P1,unclassified,9af4be59ed11580fb6bd030154f3754bca7ed4cac423f2757d4bcbb00ac731ce,unknown,explicit_unrecovered,2026-07-31,terminal_payload_unrecovered,human_documented_terminal_gap,analysis-results/malware/unclassified/versions/unknown/cases/9af4be59ed11580fb6bd030154f3754bca7ed4cac423f2757d4bcbb00ac731ce,analysis-results/malware/unclassified/versions/unknown/cases/9af4be59ed11580fb6bd030154f3754bca7ed4cac423f2757d4bcbb00ac731ce/FEATURES.md
P1,unclassified,9d9f3fa5aaf6bc91091873bd7ee04f0cc23e8709e4ad20c61d2779ff1a43c4b4,unknown,explicit_unrecovered,2026-08-03,terminal_payload_unrecovered,human_documented_terminal_gap,analysis-results/malware/unclassified/versions/unknown/cases/9d9f3fa5aaf6bc91091873bd7ee04f0cc23e8709e4ad20c61d2779ff1a43c4b4,analysis-results/malware/unclassified/versions/unknown/cases/9d9f3fa5aaf6bc91091873bd7ee04f0cc23e8709e4ad20c61d2779ff1a43c4b4/FEATURES.md
P1,unclassified,9ec139883216be1269eefe88c2abd5cd2320b6d20bc3353094bce34a1eda4a32,unknown,explicit_unrecovered,2026-08-02,terminal_payload_unrecovered,human_documented_terminal_gap,analysis-results/malware/unclassified/versions/unknown/cases/9ec139883216be1269eefe88c2abd5cd2320b6d20bc3353094bce34a1eda4a32,analysis-results/malware/unclassified/versions/unknown/cases/9ec139883216be1269eefe88c2abd5cd2320b6d20bc3353094bce34a1eda4a32/FEATURES.md
P1,unclassified,a0493b5b7524c51c7d97757e014a35140cb61be1fdf2b620e9c5d1eb23c9cc21,unknown,explicit_unrecovered,2026-07-22,terminal_payload_unrecovered,human_documented_terminal_gap,analysis-results/malware/unclassified/versions/unknown/cases/a0493b5b7524c51c7d97757e014a35140cb61be1fdf2b620e9c5d1eb23c9cc21,analysis-results/malware/unclassified/versions/unknown/cases/a0493b5b7524c51c7d97757e014a35140cb61be1fdf2b620e9c5d1eb23c9cc21/FEATURES.md
P1,unclassified,a11463bf176a39f72b5ab9c0e0401dbe0eb4be8d379b2d5fd5da21da0d2286e5,unknown,explicit_unrecovered,2026-08-02,terminal_payload_unrecovered,human_documented_terminal_gap,analysis-results/malware/unclassified/versions/unknown/cases/a11463bf176a39f72b5ab9c0e0401dbe0eb4be8d379b2d5fd5da21da0d2286e5,analysis-results/malware/unclassified/versions/unknown/cases/a11463bf176a39f72b5ab9c0e0401dbe0eb4be8d379b2d5fd5da21da0d2286e5/FEATURES.md
P1,unclassified,a337142611fcc576de5e9f66c3ea6c6560ad4546b65fc26128da391704cf398d,unknown,explicit_unrecovered,2026-07-31,terminal_payload_unrecovered,human_documented_terminal_gap,analysis-results/malware/unclassified/versions/unknown/cases/a337142611fcc576de5e9f66c3ea6c6560ad4546b65fc26128da391704cf398d,analysis-results/malware/unclassified/versions/unknown/cases/a337142611fcc576de5e9f66c3ea6c6560ad4546b65fc26128da391704cf398d/FEATURES.md
P1,unclassified,a33772ebe129636a5eeaabc018c34cd3c92306d3f65cbc8d5a3a2d02110c0ce1,unknown,explicit_unrecovered,2026-07-31,terminal_payload_unrecovered,human_documented_terminal_gap,analysis-results/malware/unclassified/versions/unknown/cases/a33772ebe129636a5eeaabc018c34cd3c92306d3f65cbc8d5a3a2d02110c0ce1,analysis-results/malware/unclassified/versions/unknown/cases/a33772ebe129636a5eeaabc018c34cd3c92306d3f65cbc8d5a3a2d02110c0ce1/FEATURES.md
P1,unclassified,a495cb6ea1fce0b4a006562dc2e8d5db918acbf711192e10941fea612f792c20,unknown,explicit_unrecovered,2026-08-02,terminal_payload_unrecovered,human_documented_terminal_gap,analysis-results/malware/unclassified/versions/unknown/cases/a495cb6ea1fce0b4a006562dc2e8d5db918acbf711192e10941fea612f792c20,analysis-results/malware/unclassified/versions/unknown/cases/a495cb6ea1fce0b4a006562dc2e8d5db918acbf711192e10941fea612f792c20/FEATURES.md
P1,unclassified,a536b532e5ebaa0617688a42b5543b0a7144817e0dc12020826d74cc9b22c5a1,unknown,explicit_unrecovered,2026-08-01,terminal_payload_unrecovered,human_documented_terminal_gap,analysis-results/malware/unclassified/versions/unknown/cases/a536b532e5ebaa0617688a42b5543b0a7144817e0dc12020826d74cc9b22c5a1,analysis-results/malware/unclassified/versions/unknown/cases/a536b532e5ebaa0617688a42b5543b0a7144817e0dc12020826d74cc9b22c5a1/FEATURES.md
P1,unclassified,a5b13da4ffa0bb5df881c213faa08ca92608cd7e4e83142695877923d278a7d2,unknown,explicit_unrecovered,2026-07-23,terminal_payload_unrecovered,human_documented_terminal_gap,analysis-results/malware/unclassified/versions/unknown/cases/a5b13da4ffa0bb5df881c213faa08ca92608cd7e4e83142695877923d278a7d2,analysis-results/malware/unclassified/versions/unknown/cases/a5b13da4ffa0bb5df881c213faa08ca92608cd7e4e83142695877923d278a7d2/FEATURES.md
P1,unclassified,a6f0cbcb7f2c1d46f27fa4d84c18718e77a7151d25933e62073231a08383a012,unknown,explicit_unrecovered,2026-07-30,terminal_payload_unrecovered,human_documented_terminal_gap,analysis-results/malware/unclassified/versions/unknown/cases/a6f0cbcb7f2c1d46f27fa4d84c18718e77a7151d25933e62073231a08383a012,analysis-results/malware/unclassified/versions/unknown/cases/a6f0cbcb7f2c1d46f27fa4d84c18718e77a7151d25933e62073231a08383a012/FEATURES.md
P1,unclassified,a74c04b901b29791a178793e15353d88ab2f822eaa8bd5f6c716f795602334c2,unknown,explicit_unrecovered,2026-07-23,terminal_payload_unrecovered,human_documented_terminal_gap,analysis-results/malware/unclassified/versions/unknown/cases/a74c04b901b29791a178793e15353d88ab2f822eaa8bd5f6c716f795602334c2,analysis-results/malware/unclassified/versions/unknown/cases/a74c04b901b29791a178793e15353d88ab2f822eaa8bd5f6c716f795602334c2/FEATURES.md
P1,unclassified,a76023455d33b03b07f2e583ac99fa188ddcbef5b697776b01c434e13889bd12,unknown,explicit_unrecovered,2026-07-27,terminal_payload_unrecovered,human_documented_terminal_gap,analysis-results/malware/unclassified/versions/unknown/cases/a76023455d33b03b07f2e583ac99fa188ddcbef5b697776b01c434e13889bd12,analysis-results/malware/unclassified/versions/unknown/cases/a76023455d33b03b07f2e583ac99fa188ddcbef5b697776b01c434e13889bd12/FEATURES.md
P1,unclassified,a7c07b87c4968d7ac8120e2c6fb40ccd615d1bd25d4445fbe129d7c66235740a,unknown,explicit_unrecovered,2026-07-27,terminal_payload_unrecovered,human_documented_terminal_gap,analysis-results/malware/unclassified/versions/unknown/cases/a7c07b87c4968d7ac8120e2c6fb40ccd615d1bd25d4445fbe129d7c66235740a,analysis-results/malware/unclassified/versions/unknown/cases/a7c07b87c4968d7ac8120e2c6fb40ccd615d1bd25d4445fbe129d7c66235740a/FEATURES.md
P1,unclassified,a94e9aca1aca0c7e006a0d8684c5423b1a3bd7e48734eee4f12f0caa3b5d901a,unknown,explicit_unrecovered,2026-08-02,terminal_payload_unrecovered,human_documented_terminal_gap,analysis-results/malware/unclassified/versions/unknown/cases/a94e9aca1aca0c7e006a0d8684c5423b1a3bd7e48734eee4f12f0caa3b5d901a,analysis-results/malware/unclassified/versions/unknown/cases/a94e9aca1aca0c7e006a0d8684c5423b1a3bd7e48734eee4f12f0caa3b5d901a/FEATURES.md
P1,unclassified,a9c3e1b23a6a102016c0a8c35b198e4401bf75cb28e4ef8b9ddd5d0e93a09c5b,unknown,explicit_unrecovered,2026-08-01,terminal_payload_unrecovered,human_documented_terminal_gap,analysis-results/malware/unclassified/versions/unknown/cases/a9c3e1b23a6a102016c0a8c35b198e4401bf75cb28e4ef8b9ddd5d0e93a09c5b,analysis-results/malware/unclassified/versions/unknown/cases/a9c3e1b23a6a102016c0a8c35b198e4401bf75cb28e4ef8b9ddd5d0e93a09c5b/FEATURES.md
P1,unclassified,aaa5b19624b18bbe051b05d868b665b5e8988c338d079209cd84c2ebc31e16c2,unknown,explicit_unrecovered,2026-08-01,terminal_payload_unrecovered,human_documented_terminal_gap,analysis-results/malware/unclassified/versions/unknown/cases/aaa5b19624b18bbe051b05d868b665b5e8988c338d079209cd84c2ebc31e16c2,analysis-results/malware/unclassified/versions/unknown/cases/aaa5b19624b18bbe051b05d868b665b5e8988c338d079209cd84c2ebc31e16c2/FEATURES.md
P1,unclassified,ab4394c429efc69b6927a5eb6ecfe7e2cc3df99dd2d279f96729d72a8283e85f,unknown,explicit_unrecovered,2026-07-27,terminal_payload_unrecovered,human_documented_terminal_gap,analysis-results/malware/unclassified/versions/unknown/cases/ab4394c429efc69b6927a5eb6ecfe7e2cc3df99dd2d279f96729d72a8283e85f,analysis-results/malware/unclassified/versions/unknown/cases/ab4394c429efc69b6927a5eb6ecfe7e2cc3df99dd2d279f96729d72a8283e85f/FEATURES.md
P1,unclassified,ab79affe31326c3a59b74a3aa4863207251deb7279f02d6177cf3a84031b2162,unknown,explicit_unrecovered,2026-08-01,terminal_payload_unrecovered,human_documented_terminal_gap,analysis-results/malware/unclassified/versions/unknown/cases/ab79affe31326c3a59b74a3aa4863207251deb7279f02d6177cf3a84031b2162,analysis-results/malware/unclassified/versions/unknown/cases/ab79affe31326c3a59b74a3aa4863207251deb7279f02d6177cf3a84031b2162/FEATURES.md
P1,unclassified,ace00feaceddc5f708e9062042e37ec39776b55fdc1456178b930095834282fd,unknown,explicit_unrecovered,2026-07-31,terminal_payload_unrecovered,human_documented_terminal_gap,analysis-results/malware/unclassified/versions/unknown/cases/ace00feaceddc5f708e9062042e37ec39776b55fdc1456178b930095834282fd,analysis-results/malware/unclassified/versions/unknown/cases/ace00feaceddc5f708e9062042e37ec39776b55fdc1456178b930095834282fd/FEATURES.md
P1,unclassified,aef01ab9e284b663cdd5caf288eff4120406ae452f5fb73e4b135c542aa59919,unknown,explicit_unrecovered,2026-08-02,terminal_payload_unrecovered,human_documented_terminal_gap,analysis-results/malware/unclassified/versions/unknown/cases/aef01ab9e284b663cdd5caf288eff4120406ae452f5fb73e4b135c542aa59919,analysis-results/malware/unclassified/versions/unknown/cases/aef01ab9e284b663cdd5caf288eff4120406ae452f5fb73e4b135c542aa59919/FEATURES.md
P1,unclassified,b0190be1089b17ada36dbcdf183d6996e840a993f29bd376b0bd3c327572f936,unknown,explicit_unrecovered,2026-07-22,terminal_payload_unrecovered,human_documented_terminal_gap,analysis-results/malware/unclassified/versions/unknown/cases/b0190be1089b17ada36dbcdf183d6996e840a993f29bd376b0bd3c327572f936,analysis-results/malware/unclassified/versions/unknown/cases/b0190be1089b17ada36dbcdf183d6996e840a993f29bd376b0bd3c327572f936/FEATURES.md
P1,unclassified,b1287ab346d488cf587ff52932119e02113403b9b9a7231e5c95fa0143de1a39,unknown,explicit_unrecovered,,terminal_payload_unrecovered,human_documented_terminal_gap,analysis-results/malware/unclassified/versions/unknown/cases/b1287ab346d488cf587ff52932119e02113403b9b9a7231e5c95fa0143de1a39,analysis-results/malware/unclassified/versions/unknown/cases/b1287ab346d488cf587ff52932119e02113403b9b9a7231e5c95fa0143de1a39/config.json
P1,unclassified,b193be680eff393e70bd8dba2b8b1d84249b729191aa8a5014ab884360cdc9c3,unknown,explicit_unrecovered,2026-08-02,terminal_payload_unrecovered,human_documented_terminal_gap,analysis-results/malware/unclassified/versions/unknown/cases/b193be680eff393e70bd8dba2b8b1d84249b729191aa8a5014ab884360cdc9c3,analysis-results/malware/unclassified/versions/unknown/cases/b193be680eff393e70bd8dba2b8b1d84249b729191aa8a5014ab884360cdc9c3/FEATURES.md
P1,unclassified,b1c4f1c73e004961b11485e8dda5fabb29926abe917a34cee23e370600ec0525,unknown,explicit_unrecovered,2026-07-22,terminal_payload_unrecovered,human_documented_terminal_gap,analysis-results/malware/unclassified/versions/unknown/cases/b1c4f1c73e004961b11485e8dda5fabb29926abe917a34cee23e370600ec0525,analysis-results/malware/unclassified/versions/unknown/cases/b1c4f1c73e004961b11485e8dda5fabb29926abe917a34cee23e370600ec0525/FEATURES.md
P1,unclassified,b72342c9ae243231eecefda808f66e0177637b120cb8d45e3bc9681c84d0a9a0,unknown,explicit_unrecovered,2026-08-05,terminal_payload_unrecovered,human_documented_terminal_gap,analysis-results/malware/unclassified/versions/unknown/cases/b72342c9ae243231eecefda808f66e0177637b120cb8d45e3bc9681c84d0a9a0,analysis-results/malware/unclassified/versions/unknown/cases/b72342c9ae243231eecefda808f66e0177637b120cb8d45e3bc9681c84d0a9a0/FEATURES.md
P1,unclassified,b72956e511dc7d916410a281111465d7d9a3220d89fe8611603e4e0004d9afb9,unknown,explicit_unrecovered,2026-07-31,terminal_payload_unrecovered,human_documented_terminal_gap,analysis-results/malware/unclassified/versions/unknown/cases/b72956e511dc7d916410a281111465d7d9a3220d89fe8611603e4e0004d9afb9,analysis-results/malware/unclassified/versions/unknown/cases/b72956e511dc7d916410a281111465d7d9a3220d89fe8611603e4e0004d9afb9/FEATURES.md
P1,unclassified,b87b3b60b7350747ba6998f50204c78ef0a6fb11281a35c9d15b52ea4765a75c,unknown,explicit_unrecovered,2026-08-06,terminal_payload_unrecovered,human_documented_terminal_gap,analysis-results/malware/unclassified/versions/unknown/cases/b87b3b60b7350747ba6998f50204c78ef0a6fb11281a35c9d15b52ea4765a75c,analysis-results/malware/unclassified/versions/unknown/cases/b87b3b60b7350747ba6998f50204c78ef0a6fb11281a35c9d15b52ea4765a75c/FEATURES.md
P1,unclassified,b8c1c8f9c34a33e84930fbaf8a3d52954420bc000f01ea45d48ffdfe108b0c60,unknown,explicit_unrecovered,2026-08-05,terminal_payload_unrecovered,human_documented_terminal_gap,analysis-results/malware/unclassified/versions/unknown/cases/b8c1c8f9c34a33e84930fbaf8a3d52954420bc000f01ea45d48ffdfe108b0c60,analysis-results/malware/unclassified/versions/unknown/cases/b8c1c8f9c34a33e84930fbaf8a3d52954420bc000f01ea45d48ffdfe108b0c60/FEATURES.md
P1,unclassified,ba2166fb314b7d27357356fddce6336866514f4def188679eff998202fb18026,unknown,explicit_unrecovered,2026-07-28,terminal_payload_unrecovered,human_documented_terminal_gap,analysis-results/malware/unclassified/versions/unknown/cases/ba2166fb314b7d27357356fddce6336866514f4def188679eff998202fb18026,analysis-results/malware/unclassified/versions/unknown/cases/ba2166fb314b7d27357356fddce6336866514f4def188679eff998202fb18026/FEATURES.md
P1,unclassified,bc7462c7ddd2602eaa268154aff8a4765bc76e89574a8107ccd2c9fe83820a87,unknown,explicit_unrecovered,2026-08-03,terminal_payload_unrecovered,human_documented_terminal_gap,analysis-results/malware/unclassified/versions/unknown/cases/bc7462c7ddd2602eaa268154aff8a4765bc76e89574a8107ccd2c9fe83820a87,analysis-results/malware/unclassified/versions/unknown/cases/bc7462c7ddd2602eaa268154aff8a4765bc76e89574a8107ccd2c9fe83820a87/FEATURES.md
P1,unclassified,be524fa4b66d65832df54df1b9bfcba535b2ec0ed8c416b30446b83cf1ffcd2a,unknown,explicit_unrecovered,2026-07-30,terminal_payload_unrecovered,human_documented_terminal_gap,analysis-results/malware/unclassified/versions/unknown/cases/be524fa4b66d65832df54df1b9bfcba535b2ec0ed8c416b30446b83cf1ffcd2a,analysis-results/malware/unclassified/versions/unknown/cases/be524fa4b66d65832df54df1b9bfcba535b2ec0ed8c416b30446b83cf1ffcd2a/FEATURES.md
P1,unclassified,c05581c54fb2e63ab1b6d0c8957d24fbcbc0e094339bc02838b50b3f72dddeff,unknown,explicit_unrecovered,2026-07-30,terminal_payload_unrecovered,human_documented_terminal_gap,analysis-results/malware/unclassified/versions/unknown/cases/c05581c54fb2e63ab1b6d0c8957d24fbcbc0e094339bc02838b50b3f72dddeff,analysis-results/malware/unclassified/versions/unknown/cases/c05581c54fb2e63ab1b6d0c8957d24fbcbc0e094339bc02838b50b3f72dddeff/FEATURES.md
P1,unclassified,c0daec5c4417c16de8bced454b51cc02c0ee57ff66257b9516d6ae69ecf539ef,unknown,explicit_unrecovered,2026-07-29,terminal_payload_unrecovered,human_documented_terminal_gap,analysis-results/malware/unclassified/versions/unknown/cases/c0daec5c4417c16de8bced454b51cc02c0ee57ff66257b9516d6ae69ecf539ef,analysis-results/malware/unclassified/versions/unknown/cases/c0daec5c4417c16de8bced454b51cc02c0ee57ff66257b9516d6ae69ecf539ef/FEATURES.md
P1,unclassified,c1fd57d1c2fa32e530ce16b95a306e98cd098e44e4599e9daa5d700d0a437814,unknown,explicit_unrecovered,2026-08-02,terminal_payload_unrecovered,human_documented_terminal_gap,analysis-results/malware/unclassified/versions/unknown/cases/c1fd57d1c2fa32e530ce16b95a306e98cd098e44e4599e9daa5d700d0a437814,analysis-results/malware/unclassified/versions/unknown/cases/c1fd57d1c2fa32e530ce16b95a306e98cd098e44e4599e9daa5d700d0a437814/FEATURES.md
P1,unclassified,c23cb82c4e48e91f71b389cb16d419510a15bd1ebd9b3e53a7fd8f38960745a5,unknown,explicit_unrecovered,2026-08-01,terminal_payload_unrecovered,human_documented_terminal_gap,analysis-results/malware/unclassified/versions/unknown/cases/c23cb82c4e48e91f71b389cb16d419510a15bd1ebd9b3e53a7fd8f38960745a5,analysis-results/malware/unclassified/versions/unknown/cases/c23cb82c4e48e91f71b389cb16d419510a15bd1ebd9b3e53a7fd8f38960745a5/FEATURES.md
P1,unclassified,c3bd9003c2a8b57c18442587a4d35f1bf0780b3d069bf5f7042e1351957403f5,unknown,explicit_unrecovered,2026-08-02,terminal_payload_unrecovered,human_documented_terminal_gap,analysis-results/malware/unclassified/versions/unknown/cases/c3bd9003c2a8b57c18442587a4d35f1bf0780b3d069bf5f7042e1351957403f5,analysis-results/malware/unclassified/versions/unknown/cases/c3bd9003c2a8b57c18442587a4d35f1bf0780b3d069bf5f7042e1351957403f5/FEATURES.md
P1,unclassified,c4e44771666dab31641044c84271275c9e92ad2d1707b63898117b8f65317ead,unknown,explicit_unrecovered,2026-07-31,terminal_payload_unrecovered,human_documented_terminal_gap,analysis-results/malware/unclassified/versions/unknown/cases/c4e44771666dab31641044c84271275c9e92ad2d1707b63898117b8f65317ead,analysis-results/malware/unclassified/versions/unknown/cases/c4e44771666dab31641044c84271275c9e92ad2d1707b63898117b8f65317ead/FEATURES.md
P1,unclassified,c9ffc5922f06b518cef5f5dae98914b112de01fdc4ddfd6c7d69a5bd5dbe6ab0,unknown,explicit_unrecovered,2026-08-02,terminal_payload_unrecovered,human_documented_terminal_gap,analysis-results/malware/unclassified/versions/unknown/cases/c9ffc5922f06b518cef5f5dae98914b112de01fdc4ddfd6c7d69a5bd5dbe6ab0,analysis-results/malware/unclassified/versions/unknown/cases/c9ffc5922f06b518cef5f5dae98914b112de01fdc4ddfd6c7d69a5bd5dbe6ab0/FEATURES.md
P1,unclassified,cb6e6f1ac01fea84d0eb0a3d62c25cab4f1ef74713a4960aaa7eef2d30c4d95b,unknown,explicit_unrecovered,2026-07-31,terminal_payload_unrecovered,human_documented_terminal_gap,analysis-results/malware/unclassified/versions/unknown/cases/cb6e6f1ac01fea84d0eb0a3d62c25cab4f1ef74713a4960aaa7eef2d30c4d95b,analysis-results/malware/unclassified/versions/unknown/cases/cb6e6f1ac01fea84d0eb0a3d62c25cab4f1ef74713a4960aaa7eef2d30c4d95b/FEATURES.md
P1,unclassified,cc337416747a2edee389ac4093a1d9fef944db6475b75de39cf051d949f884b6,unknown,explicit_unrecovered,2026-08-02,terminal_payload_unrecovered,human_documented_terminal_gap,analysis-results/malware/unclassified/versions/unknown/cases/cc337416747a2edee389ac4093a1d9fef944db6475b75de39cf051d949f884b6,analysis-results/malware/unclassified/versions/unknown/cases/cc337416747a2edee389ac4093a1d9fef944db6475b75de39cf051d949f884b6/FEATURES.md
P1,unclassified,cd729223ea3fbd0a61a301df483381e44ada6e0b2a96af470951dc26d92cf0f7,unknown,explicit_unrecovered,2026-07-22,terminal_payload_unrecovered,human_documented_terminal_gap,analysis-results/malware/unclassified/versions/unknown/cases/cd729223ea3fbd0a61a301df483381e44ada6e0b2a96af470951dc26d92cf0f7,analysis-results/malware/unclassified/versions/unknown/cases/cd729223ea3fbd0a61a301df483381e44ada6e0b2a96af470951dc26d92cf0f7/FEATURES.md
P1,unclassified,d030dbd4fb42806f83b5681716c8fd31eb280ea6c171a908a7161223e94a48ed,unknown,explicit_unrecovered,2026-08-07,terminal_payload_unrecovered,human_documented_terminal_gap,analysis-results/malware/unclassified/versions/unknown/cases/d030dbd4fb42806f83b5681716c8fd31eb280ea6c171a908a7161223e94a48ed,analysis-results/malware/unclassified/versions/unknown/cases/d030dbd4fb42806f83b5681716c8fd31eb280ea6c171a908a7161223e94a48ed/FEATURES.md
P1,unclassified,d1bdfa7d125ff1e40c28ead82fa180b59d88279cd943d3ac6ec9a0eb87d58bdd,unknown,explicit_unrecovered,2026-07-31,terminal_payload_unrecovered,human_documented_terminal_gap,analysis-results/malware/unclassified/versions/unknown/cases/d1bdfa7d125ff1e40c28ead82fa180b59d88279cd943d3ac6ec9a0eb87d58bdd,analysis-results/malware/unclassified/versions/unknown/cases/d1bdfa7d125ff1e40c28ead82fa180b59d88279cd943d3ac6ec9a0eb87d58bdd/FEATURES.md
P1,unclassified,d36d08953cb47514a7d58a009161f0ad7fd5164bc1964a0b63c8ba1916ad218d,unknown,explicit_unrecovered,2026-08-02,terminal_payload_unrecovered,human_documented_terminal_gap,analysis-results/malware/unclassified/versions/unknown/cases/d36d08953cb47514a7d58a009161f0ad7fd5164bc1964a0b63c8ba1916ad218d,analysis-results/malware/unclassified/versions/unknown/cases/d36d08953cb47514a7d58a009161f0ad7fd5164bc1964a0b63c8ba1916ad218d/FEATURES.md
P1,unclassified,d4954ecd1d3ae26f5ebf9d373c798efcd94584aaf7644f88eea004af0d097b4c,unknown,explicit_unrecovered,2026-07-28,terminal_payload_unrecovered,human_documented_terminal_gap,analysis-results/malware/unclassified/versions/unknown/cases/d4954ecd1d3ae26f5ebf9d373c798efcd94584aaf7644f88eea004af0d097b4c,analysis-results/malware/unclassified/versions/unknown/cases/d4954ecd1d3ae26f5ebf9d373c798efcd94584aaf7644f88eea004af0d097b4c/FEATURES.md
P1,unclassified,d643f913e92cc3d9c799a3e87e7f2833cc2714b8872969b9029042c12dfb8677,unknown,explicit_unrecovered,2026-08-01,terminal_payload_unrecovered,human_documented_terminal_gap,analysis-results/malware/unclassified/versions/unknown/cases/d643f913e92cc3d9c799a3e87e7f2833cc2714b8872969b9029042c12dfb8677,analysis-results/malware/unclassified/versions/unknown/cases/d643f913e92cc3d9c799a3e87e7f2833cc2714b8872969b9029042c12dfb8677/FEATURES.md
P1,unclassified,d91084567f60c19702fd31ccbb03eab02b8681ade212212084e528c72370b66a,unknown,explicit_unrecovered,2026-07-22,terminal_payload_unrecovered,human_documented_terminal_gap,analysis-results/malware/unclassified/versions/unknown/cases/d91084567f60c19702fd31ccbb03eab02b8681ade212212084e528c72370b66a,analysis-results/malware/unclassified/versions/unknown/cases/d91084567f60c19702fd31ccbb03eab02b8681ade212212084e528c72370b66a/FEATURES.md
P1,unclassified,daceb4fa08abb38b4d3adb8db6c93f1f69885ce10ab0b40bba58f242c97f3ef8,unknown,explicit_unrecovered,2026-07-22,terminal_payload_unrecovered,human_documented_terminal_gap,analysis-results/malware/unclassified/versions/unknown/cases/daceb4fa08abb38b4d3adb8db6c93f1f69885ce10ab0b40bba58f242c97f3ef8,analysis-results/malware/unclassified/versions/unknown/cases/daceb4fa08abb38b4d3adb8db6c93f1f69885ce10ab0b40bba58f242c97f3ef8/FEATURES.md
P1,unclassified,dc87cc13bad5c4cc715ace4737ac6f303994a68ec8a772067da9765d642e1b28,unknown,explicit_unrecovered,2026-08-02,terminal_payload_unrecovered,human_documented_terminal_gap,analysis-results/malware/unclassified/versions/unknown/cases/dc87cc13bad5c4cc715ace4737ac6f303994a68ec8a772067da9765d642e1b28,analysis-results/malware/unclassified/versions/unknown/cases/dc87cc13bad5c4cc715ace4737ac6f303994a68ec8a772067da9765d642e1b28/FEATURES.md
P1,unclassified,dcac68a58f09eec59bce587a86d91ea1570919edc8100715ed83bcb1a0fea364,unknown,explicit_unrecovered,2026-07-29,terminal_payload_unrecovered,human_documented_terminal_gap,analysis-results/malware/unclassified/versions/unknown/cases/dcac68a58f09eec59bce587a86d91ea1570919edc8100715ed83bcb1a0fea364,analysis-results/malware/unclassified/versions/unknown/cases/dcac68a58f09eec59bce587a86d91ea1570919edc8100715ed83bcb1a0fea364/FEATURES.md
P1,unclassified,dd2fce7dad57958a7dec2c781a26c8fe8f7597696ba80dae921cd7744886972f,unknown,explicit_unrecovered,2026-07-19,static_recovery_incomplete;terminal_payload_unrecovered,human_documented_terminal_gap,analysis-results/malware/unclassified/versions/unknown/cases/dd2fce7dad57958a7dec2c781a26c8fe8f7597696ba80dae921cd7744886972f,analysis-results/malware/unclassified/versions/unknown/cases/dd2fce7dad57958a7dec2c781a26c8fe8f7597696ba80dae921cd7744886972f/README.md;analysis-results/malware/unclassified/versions/unknown/cases/dd2fce7dad57958a7dec2c781a26c8fe8f7597696ba80dae921cd7744886972f/STATIC-LOGIC.md
P1,unclassified,e378df570301e2a7cf4d1a79508a41acae37df09d2ea0460902e2edb49d6533c,unknown,explicit_unrecovered,2026-08-01,terminal_payload_unrecovered,human_documented_terminal_gap,analysis-results/malware/unclassified/versions/unknown/cases/e378df570301e2a7cf4d1a79508a41acae37df09d2ea0460902e2edb49d6533c,analysis-results/malware/unclassified/versions/unknown/cases/e378df570301e2a7cf4d1a79508a41acae37df09d2ea0460902e2edb49d6533c/FEATURES.md
P1,unclassified,e3bc0a8afab7b840f83795ad6c5fa64740c7a6bfc96603f9f60cf03cdbde5086,unknown,explicit_unrecovered,2026-08-04,terminal_payload_unrecovered,human_documented_terminal_gap,analysis-results/malware/unclassified/versions/unknown/cases/e3bc0a8afab7b840f83795ad6c5fa64740c7a6bfc96603f9f60cf03cdbde5086,analysis-results/malware/unclassified/versions/unknown/cases/e3bc0a8afab7b840f83795ad6c5fa64740c7a6bfc96603f9f60cf03cdbde5086/FEATURES.md
P1,unclassified,e4710869dc5deaeba46756b9b65777240f714922dc9ce1a8621460abb3e69c2b,unknown,explicit_unrecovered,2026-07-22,terminal_payload_unrecovered,human_documented_terminal_gap,analysis-results/malware/unclassified/versions/unknown/cases/e4710869dc5deaeba46756b9b65777240f714922dc9ce1a8621460abb3e69c2b,analysis-results/malware/unclassified/versions/unknown/cases/e4710869dc5deaeba46756b9b65777240f714922dc9ce1a8621460abb3e69c2b/FEATURES.md
P1,unclassified,e564c9b85daab740cffb4e80f6b2198cd3800db7348b34592e148deff601da1a,unknown,explicit_unrecovered,2026-08-04,terminal_payload_unrecovered,human_documented_terminal_gap,analysis-results/malware/unclassified/versions/unknown/cases/e564c9b85daab740cffb4e80f6b2198cd3800db7348b34592e148deff601da1a,analysis-results/malware/unclassified/versions/unknown/cases/e564c9b85daab740cffb4e80f6b2198cd3800db7348b34592e148deff601da1a/FEATURES.md
P1,unclassified,e6beb0e7fd1699c0dc2e5155fc8a168f894ded2f3f1da8bd34971238d5b0f404,unknown,explicit_unrecovered,2026-08-07,terminal_payload_unrecovered,human_documented_terminal_gap,analysis-results/malware/unclassified/versions/unknown/cases/e6beb0e7fd1699c0dc2e5155fc8a168f894ded2f3f1da8bd34971238d5b0f404,analysis-results/malware/unclassified/versions/unknown/cases/e6beb0e7fd1699c0dc2e5155fc8a168f894ded2f3f1da8bd34971238d5b0f404/FEATURES.md
P1,unclassified,e87c28ea4cde41c36ff6016fd8f682f688db2f72b3af45525d787b38a4f65ee5,unknown,explicit_unrecovered,2026-07-23,terminal_payload_unrecovered,human_documented_terminal_gap,analysis-results/malware/unclassified/versions/unknown/cases/e87c28ea4cde41c36ff6016fd8f682f688db2f72b3af45525d787b38a4f65ee5,analysis-results/malware/unclassified/versions/unknown/cases/e87c28ea4cde41c36ff6016fd8f682f688db2f72b3af45525d787b38a4f65ee5/FEATURES.md
P1,unclassified,ecc42df31157857f6bb17e6fd458b8bf10047a80edff10f76a3ad7126fdc6926,unknown,explicit_unrecovered,2026-07-31,terminal_payload_unrecovered,human_documented_terminal_gap,analysis-results/malware/unclassified/versions/unknown/cases/ecc42df31157857f6bb17e6fd458b8bf10047a80edff10f76a3ad7126fdc6926,analysis-results/malware/unclassified/versions/unknown/cases/ecc42df31157857f6bb17e6fd458b8bf10047a80edff10f76a3ad7126fdc6926/FEATURES.md
P1,unclassified,edb9bdb68ef0f04c030300753b606d2a2cac2a7411554726d824ab20f2e53f2f,unknown,explicit_unrecovered,2026-08-01,terminal_payload_unrecovered,human_documented_terminal_gap,analysis-results/malware/unclassified/versions/unknown/cases/edb9bdb68ef0f04c030300753b606d2a2cac2a7411554726d824ab20f2e53f2f,analysis-results/malware/unclassified/versions/unknown/cases/edb9bdb68ef0f04c030300753b606d2a2cac2a7411554726d824ab20f2e53f2f/FEATURES.md
P1,unclassified,effe9a34b0d6663e9ca76d54047073d70f419b99379314d466e61909dcec3b14,unknown,explicit_unrecovered,2026-08-05,terminal_payload_unrecovered,human_documented_terminal_gap,analysis-results/malware/unclassified/versions/unknown/cases/effe9a34b0d6663e9ca76d54047073d70f419b99379314d466e61909dcec3b14,analysis-results/malware/unclassified/versions/unknown/cases/effe9a34b0d6663e9ca76d54047073d70f419b99379314d466e61909dcec3b14/FEATURES.md
P1,unclassified,f1dd856f66a38cae3488a9f077c4cc8c27445162e512cbb73770cac27436d869,unknown,explicit_unrecovered,2026-08-02,terminal_payload_unrecovered,human_documented_terminal_gap,analysis-results/malware/unclassified/versions/unknown/cases/f1dd856f66a38cae3488a9f077c4cc8c27445162e512cbb73770cac27436d869,analysis-results/malware/unclassified/versions/unknown/cases/f1dd856f66a38cae3488a9f077c4cc8c27445162e512cbb73770cac27436d869/FEATURES.md
P1,unclassified,f25c3073586054aa2d6afb7d0232faa6b9b775d10e89f2b8046845a05b153253,unknown,explicit_unrecovered,2026-07-31,terminal_payload_unrecovered,human_documented_terminal_gap,analysis-results/malware/unclassified/versions/unknown/cases/f25c3073586054aa2d6afb7d0232faa6b9b775d10e89f2b8046845a05b153253,analysis-results/malware/unclassified/versions/unknown/cases/f25c3073586054aa2d6afb7d0232faa6b9b775d10e89f2b8046845a05b153253/FEATURES.md
P1,unclassified,f2bc804a84dfb3717534856402c6d6959d33d62dfdf7ca990e210f093da1318f,unknown,explicit_unrecovered,2026-07-22,terminal_payload_unrecovered,human_documented_terminal_gap,analysis-results/malware/unclassified/versions/unknown/cases/f2bc804a84dfb3717534856402c6d6959d33d62dfdf7ca990e210f093da1318f,analysis-results/malware/unclassified/versions/unknown/cases/f2bc804a84dfb3717534856402c6d6959d33d62dfdf7ca990e210f093da1318f/FEATURES.md
P1,unclassified,f36ac03885daffa0f5a794f26d781d4538f1f7bfee4cc65c53b6f47717e1ec70,unknown,explicit_unrecovered,2026-07-31,terminal_payload_unrecovered,human_documented_terminal_gap,analysis-results/malware/unclassified/versions/unknown/cases/f36ac03885daffa0f5a794f26d781d4538f1f7bfee4cc65c53b6f47717e1ec70,analysis-results/malware/unclassified/versions/unknown/cases/f36ac03885daffa0f5a794f26d781d4538f1f7bfee4cc65c53b6f47717e1ec70/FEATURES.md
P1,unclassified,f43c1742b296cc1c4f1af75998d75a9f351b22957416efd6b9142b2dd605fc43,unknown,explicit_unrecovered,2026-08-04,terminal_payload_unrecovered,human_documented_terminal_gap,analysis-results/malware/unclassified/versions/unknown/cases/f43c1742b296cc1c4f1af75998d75a9f351b22957416efd6b9142b2dd605fc43,analysis-results/malware/unclassified/versions/unknown/cases/f43c1742b296cc1c4f1af75998d75a9f351b22957416efd6b9142b2dd605fc43/FEATURES.md
P1,unclassified,f474d3d132942b7ea97ddb7c617be6cd777f31335e3f1a9d297ee3f30f679859,unknown,explicit_unrecovered,2026-08-05,terminal_payload_unrecovered,human_documented_terminal_gap,analysis-results/malware/unclassified/versions/unknown/cases/f474d3d132942b7ea97ddb7c617be6cd777f31335e3f1a9d297ee3f30f679859,analysis-results/malware/unclassified/versions/unknown/cases/f474d3d132942b7ea97ddb7c617be6cd777f31335e3f1a9d297ee3f30f679859/FEATURES.md
P1,unclassified,f4b60c5084055d4b30b3288bd253c12610d4bec7f02739e43930a830db6c9d17,unknown,explicit_unrecovered,2026-07-27,terminal_payload_unrecovered,human_documented_terminal_gap,analysis-results/malware/unclassified/versions/unknown/cases/f4b60c5084055d4b30b3288bd253c12610d4bec7f02739e43930a830db6c9d17,analysis-results/malware/unclassified/versions/unknown/cases/f4b60c5084055d4b30b3288bd253c12610d4bec7f02739e43930a830db6c9d17/FEATURES.md
P1,unclassified,f4ee40d8468758eac0fabdafd5c26d2bdfb38fe13ea6d023a98cf74b1e8ff06d,unknown,explicit_unrecovered,2026-07-31,terminal_payload_unrecovered,human_documented_terminal_gap,analysis-results/malware/unclassified/versions/unknown/cases/f4ee40d8468758eac0fabdafd5c26d2bdfb38fe13ea6d023a98cf74b1e8ff06d,analysis-results/malware/unclassified/versions/unknown/cases/f4ee40d8468758eac0fabdafd5c26d2bdfb38fe13ea6d023a98cf74b1e8ff06d/FEATURES.md
P1,unclassified,f52133d8174ef8c037e73edcceffcafa2fe2db27b32804130a8d9f2c15359847,unknown,explicit_unrecovered,2026-07-30,terminal_payload_unrecovered,human_documented_terminal_gap,analysis-results/malware/unclassified/versions/unknown/cases/f52133d8174ef8c037e73edcceffcafa2fe2db27b32804130a8d9f2c15359847,analysis-results/malware/unclassified/versions/unknown/cases/f52133d8174ef8c037e73edcceffcafa2fe2db27b32804130a8d9f2c15359847/FEATURES.md
P1,unclassified,f57ec2d22472e3231c8917540cfbb54cb7eb387e664d1ddbb80e31ac318accf8,unknown,explicit_unrecovered,2026-08-02,terminal_payload_unrecovered,human_documented_terminal_gap,analysis-results/malware/unclassified/versions/unknown/cases/f57ec2d22472e3231c8917540cfbb54cb7eb387e664d1ddbb80e31ac318accf8,analysis-results/malware/unclassified/versions/unknown/cases/f57ec2d22472e3231c8917540cfbb54cb7eb387e664d1ddbb80e31ac318accf8/FEATURES.md
P1,unclassified,f5f3e6fa3aa7bdb824ec544a89e03e048e7da160124d144f09f6b014a14b3336,unknown,explicit_unrecovered,2026-07-31,terminal_payload_unrecovered,human_documented_terminal_gap,analysis-results/malware/unclassified/versions/unknown/cases/f5f3e6fa3aa7bdb824ec544a89e03e048e7da160124d144f09f6b014a14b3336,analysis-results/malware/unclassified/versions/unknown/cases/f5f3e6fa3aa7bdb824ec544a89e03e048e7da160124d144f09f6b014a14b3336/FEATURES.md
P1,unclassified,f68b0ab0aa45a9119c1a097c4d64dd3250733f771b34cec0699e3f9a7c88d79e,unknown,explicit_unrecovered,2026-07-29,terminal_payload_unrecovered,human_documented_terminal_gap,analysis-results/malware/unclassified/versions/unknown/cases/f68b0ab0aa45a9119c1a097c4d64dd3250733f771b34cec0699e3f9a7c88d79e,analysis-results/malware/unclassified/versions/unknown/cases/f68b0ab0aa45a9119c1a097c4d64dd3250733f771b34cec0699e3f9a7c88d79e/FEATURES.md
P1,unclassified,fa4b30b7cc5b13ed11c7658dd3ce4f2f2e7d3488c95f0a728d11a3186d6a4671,unknown,explicit_unrecovered,2026-07-30,terminal_payload_unrecovered,human_documented_terminal_gap,analysis-results/malware/unclassified/versions/unknown/cases/fa4b30b7cc5b13ed11c7658dd3ce4f2f2e7d3488c95f0a728d11a3186d6a4671,analysis-results/malware/unclassified/versions/unknown/cases/fa4b30b7cc5b13ed11c7658dd3ce4f2f2e7d3488c95f0a728d11a3186d6a4671/FEATURES.md
P1,unclassified,fa762f03d64d6d568b3155c923d4c94a82652a804bed6a52a8fbb153c88bfcb7,unknown,explicit_unrecovered,2026-08-02,terminal_payload_unrecovered,human_documented_terminal_gap,analysis-results/malware/unclassified/versions/unknown/cases/fa762f03d64d6d568b3155c923d4c94a82652a804bed6a52a8fbb153c88bfcb7,analysis-results/malware/unclassified/versions/unknown/cases/fa762f03d64d6d568b3155c923d4c94a82652a804bed6a52a8fbb153c88bfcb7/FEATURES.md
P1,unclassified,fbc2b2bc5365528b68b60a150e85407c0f51952b95c272ac7d85714fd1e0e8bd,unknown,explicit_unrecovered,2026-07-29,terminal_payload_unrecovered,human_documented_terminal_gap,analysis-results/malware/unclassified/versions/unknown/cases/fbc2b2bc5365528b68b60a150e85407c0f51952b95c272ac7d85714fd1e0e8bd,analysis-results/malware/unclassified/versions/unknown/cases/fbc2b2bc5365528b68b60a150e85407c0f51952b95c272ac7d85714fd1e0e8bd/FEATURES.md
P1,unclassified,fbe92013eaeb2808f5b9b7c585d2cc3af5b884cc424e8c3b49fc54ebaa1264f3,unknown,explicit_unrecovered,2026-08-02,terminal_payload_unrecovered,human_documented_terminal_gap,analysis-results/malware/unclassified/versions/unknown/cases/fbe92013eaeb2808f5b9b7c585d2cc3af5b884cc424e8c3b49fc54ebaa1264f3,analysis-results/malware/unclassified/versions/unknown/cases/fbe92013eaeb2808f5b9b7c585d2cc3af5b884cc424e8c3b49fc54ebaa1264f3/FEATURES.md
P1,unclassified,fce8ba975afa37727c61a9940c81c8e20da1de724f8a10b44b89d7ed44d7f526,unknown,explicit_unrecovered,2026-07-29,terminal_payload_unrecovered,human_documented_terminal_gap,analysis-results/malware/unclassified/versions/unknown/cases/fce8ba975afa37727c61a9940c81c8e20da1de724f8a10b44b89d7ed44d7f526,analysis-results/malware/unclassified/versions/unknown/cases/fce8ba975afa37727c61a9940c81c8e20da1de724f8a10b44b89d7ed44d7f526/FEATURES.md
P1,unclassified,ff6cf37c6e15581194528898ba09f8e59ecaf40f8eb9ded217092961c6521d4b,unknown,explicit_unrecovered,2026-07-30,terminal_payload_unrecovered,human_documented_terminal_gap,analysis-results/malware/unclassified/versions/unknown/cases/ff6cf37c6e15581194528898ba09f8e59ecaf40f8eb9ded217092961c6521d4b,analysis-results/malware/unclassified/versions/unknown/cases/ff6cf37c6e15581194528898ba09f8e59ecaf40f8eb9ded217092961c6521d4b/FEATURES.md
P1,valleyrat,12b920865bc8bd9bad20650a0f7849fe2856de3d72bc5f1a93bb288e8eefaca2,unknown,explicit_unrecovered,2026-07-15,terminal_payload_unrecovered,human_documented_terminal_gap,analysis-results/malware/valleyrat/versions/unknown/cases/12b920865bc8bd9bad20650a0f7849fe2856de3d72bc5f1a93bb288e8eefaca2,analysis-results/malware/valleyrat/versions/unknown/cases/12b920865bc8bd9bad20650a0f7849fe2856de3d72bc5f1a93bb288e8eefaca2/FEATURES.md;analysis-results/malware/valleyrat/versions/unknown/cases/12b920865bc8bd9bad20650a0f7849fe2856de3d72bc5f1a93bb288e8eefaca2/STATIC-LOGIC.md
P1,valleyrat,14cfc813ef030e8b3f0e85fe8c140e1b746b52c76fff8352d0d92eb46f725470,unknown,explicit_unrecovered,2026-08-07,terminal_payload_unrecovered,human_documented_terminal_gap,analysis-results/malware/valleyrat/versions/unknown/cases/14cfc813ef030e8b3f0e85fe8c140e1b746b52c76fff8352d0d92eb46f725470,analysis-results/malware/valleyrat/versions/unknown/cases/14cfc813ef030e8b3f0e85fe8c140e1b746b52c76fff8352d0d92eb46f725470/FEATURES.md
P1,valleyrat,1d0b8f081975cc9dfb542c8da5d173c3a68a23531e83f07e86ccc706e56d76f3,unknown,explicit_unrecovered,2026-08-04,terminal_payload_unrecovered,human_documented_terminal_gap,analysis-results/malware/valleyrat/versions/unknown/cases/1d0b8f081975cc9dfb542c8da5d173c3a68a23531e83f07e86ccc706e56d76f3,analysis-results/malware/valleyrat/versions/unknown/cases/1d0b8f081975cc9dfb542c8da5d173c3a68a23531e83f07e86ccc706e56d76f3/FEATURES.md
P1,valleyrat,212d6b6ed3c8910e12580e8d7f5844f1471aa4e4be50261f9402c8569fad6377,unknown,explicit_unrecovered,2026-07-23,terminal_payload_unrecovered,human_documented_terminal_gap,analysis-results/malware/valleyrat/versions/unknown/cases/212d6b6ed3c8910e12580e8d7f5844f1471aa4e4be50261f9402c8569fad6377,analysis-results/malware/valleyrat/versions/unknown/cases/212d6b6ed3c8910e12580e8d7f5844f1471aa4e4be50261f9402c8569fad6377/FEATURES.md
P1,valleyrat,27d6d9269b546067e85d88538254575cff12928e4b6da2bccd7a04a7c6ad2c24,unknown,explicit_unrecovered,2026-07-23,terminal_payload_unrecovered,human_documented_terminal_gap,analysis-results/malware/valleyrat/versions/unknown/cases/27d6d9269b546067e85d88538254575cff12928e4b6da2bccd7a04a7c6ad2c24,analysis-results/malware/valleyrat/versions/unknown/cases/27d6d9269b546067e85d88538254575cff12928e4b6da2bccd7a04a7c6ad2c24/FEATURES.md
P1,valleyrat,2da611af6f3cad9f6829a476cfd47b8c4fd54e814024517da3aab2e4a81643b0,unknown,explicit_unrecovered,2026-07-30,terminal_payload_unrecovered,human_documented_terminal_gap,analysis-results/malware/valleyrat/versions/unknown/cases/2da611af6f3cad9f6829a476cfd47b8c4fd54e814024517da3aab2e4a81643b0,analysis-results/malware/valleyrat/versions/unknown/cases/2da611af6f3cad9f6829a476cfd47b8c4fd54e814024517da3aab2e4a81643b0/FEATURES.md
P1,valleyrat,307594e042248ad7cc9627e8de385851bd92df452216b1b829077d3a93ac815b,unknown,explicit_unrecovered,2026-07-31,container_or_resource_boundary,terminal_managed_resource_unresolved,analysis-results/malware/valleyrat/versions/unknown/cases/307594e042248ad7cc9627e8de385851bd92df452216b1b829077d3a93ac815b,analysis-results/malware/valleyrat/versions/unknown/cases/307594e042248ad7cc9627e8de385851bd92df452216b1b829077d3a93ac815b/report.json
P1,valleyrat,47fee9267fb82c1457a560624110062b7a3cf9457b038e6ab85b1476112c0ceb,unknown,explicit_unrecovered,2026-08-03,terminal_payload_unrecovered,human_documented_terminal_gap,analysis-results/malware/valleyrat/versions/unknown/cases/47fee9267fb82c1457a560624110062b7a3cf9457b038e6ab85b1476112c0ceb,analysis-results/malware/valleyrat/versions/unknown/cases/47fee9267fb82c1457a560624110062b7a3cf9457b038e6ab85b1476112c0ceb/FEATURES.md
P1,valleyrat,537ae9a039a1c81d5622263cc5573f7b1b2efe6dc3df13c4c15ff42a8ad77799,unknown,explicit_unrecovered,2026-07-31,terminal_payload_unrecovered,human_documented_terminal_gap,analysis-results/malware/valleyrat/versions/unknown/cases/537ae9a039a1c81d5622263cc5573f7b1b2efe6dc3df13c4c15ff42a8ad77799,analysis-results/malware/valleyrat/versions/unknown/cases/537ae9a039a1c81d5622263cc5573f7b1b2efe6dc3df13c4c15ff42a8ad77799/FEATURES.md
P1,valleyrat,5876be168613a5e77024f79dad518662e8fd418f01d5839fc7e73ecb0f085a92,unknown,explicit_unrecovered,2026-07-15,terminal_payload_unrecovered,human_documented_terminal_gap,analysis-results/malware/valleyrat/versions/unknown/cases/5876be168613a5e77024f79dad518662e8fd418f01d5839fc7e73ecb0f085a92,analysis-results/malware/valleyrat/versions/unknown/cases/5876be168613a5e77024f79dad518662e8fd418f01d5839fc7e73ecb0f085a92/STATIC-LOGIC.md
P1,valleyrat,58b16700b8a3b8f0db2fb2e14b8c3e835270111518e67239b373a81ffd265b9a,unknown,explicit_unrecovered,2026-07-30,terminal_payload_unrecovered,human_documented_terminal_gap,analysis-results/malware/valleyrat/versions/unknown/cases/58b16700b8a3b8f0db2fb2e14b8c3e835270111518e67239b373a81ffd265b9a,analysis-results/malware/valleyrat/versions/unknown/cases/58b16700b8a3b8f0db2fb2e14b8c3e835270111518e67239b373a81ffd265b9a/FEATURES.md
P1,valleyrat,5f8daf53ef216151a72cb3fbb953886c74488b9d91b3a8afbc9bbf39e8d5eacf,unknown,explicit_unrecovered,2026-07-15,terminal_payload_unrecovered,human_documented_terminal_gap,analysis-results/malware/valleyrat/versions/unknown/cases/5f8daf53ef216151a72cb3fbb953886c74488b9d91b3a8afbc9bbf39e8d5eacf,analysis-results/malware/valleyrat/versions/unknown/cases/5f8daf53ef216151a72cb3fbb953886c74488b9d91b3a8afbc9bbf39e8d5eacf/STATIC-LOGIC.md
P1,valleyrat,77d7a748ab647241403ab5741a7184501602877cc803ef33b6044feb5a708387,unknown,explicit_unrecovered,2026-07-31,terminal_payload_unrecovered,human_documented_terminal_gap,analysis-results/malware/valleyrat/versions/unknown/cases/77d7a748ab647241403ab5741a7184501602877cc803ef33b6044feb5a708387,analysis-results/malware/valleyrat/versions/unknown/cases/77d7a748ab647241403ab5741a7184501602877cc803ef33b6044feb5a708387/FEATURES.md
P1,valleyrat,8715bb53fad907f12ab1b5ec7bad49d2a4f72bf07f81bb2a6621fd1f9f55ffa1,unknown,explicit_unrecovered,2026-07-10,terminal_payload_unrecovered,human_documented_terminal_gap,analysis-results/malware/valleyrat/versions/unknown/cases/8715bb53fad907f12ab1b5ec7bad49d2a4f72bf07f81bb2a6621fd1f9f55ffa1,analysis-results/malware/valleyrat/versions/unknown/cases/8715bb53fad907f12ab1b5ec7bad49d2a4f72bf07f81bb2a6621fd1f9f55ffa1/STATIC-LOGIC.md
P1,valleyrat,96c0911c225219cfd380076f5196d7ee87c617cddb968d3d465122473e20d6fb,unknown,explicit_unrecovered,,terminal_payload_unrecovered,human_documented_terminal_gap,analysis-results/malware/valleyrat/versions/unknown/cases/96c0911c225219cfd380076f5196d7ee87c617cddb968d3d465122473e20d6fb,analysis-results/malware/valleyrat/versions/unknown/cases/96c0911c225219cfd380076f5196d7ee87c617cddb968d3d465122473e20d6fb/README.md
P1,valleyrat,9a9d372cc821b6d2f7e30abb80aff7cae841703db0fb78bd859e6581420fbc07,unknown,explicit_unrecovered,2026-07-15,terminal_payload_unrecovered,human_documented_terminal_gap,analysis-results/malware/valleyrat/versions/unknown/cases/9a9d372cc821b6d2f7e30abb80aff7cae841703db0fb78bd859e6581420fbc07,analysis-results/malware/valleyrat/versions/unknown/cases/9a9d372cc821b6d2f7e30abb80aff7cae841703db0fb78bd859e6581420fbc07/FEATURES.md;analysis-results/malware/valleyrat/versions/unknown/cases/9a9d372cc821b6d2f7e30abb80aff7cae841703db0fb78bd859e6581420fbc07/STATIC-LOGIC.md
P1,valleyrat,a0d1e6b471522635bcf7ca0176d6ee8febcf90184078b5e8ce24e0eca970b532,unknown,explicit_unrecovered,2026-07-10,terminal_payload_unrecovered,human_documented_terminal_gap,analysis-results/malware/valleyrat/versions/unknown/cases/a0d1e6b471522635bcf7ca0176d6ee8febcf90184078b5e8ce24e0eca970b532,analysis-results/malware/valleyrat/versions/unknown/cases/a0d1e6b471522635bcf7ca0176d6ee8febcf90184078b5e8ce24e0eca970b532/FEATURES.md;analysis-results/malware/valleyrat/versions/unknown/cases/a0d1e6b471522635bcf7ca0176d6ee8febcf90184078b5e8ce24e0eca970b532/STATIC-LOGIC.md
P1,valleyrat,a0eb29beacb4463ed88b579625a1483245dff067697b85d93fd62992c5512489,unknown,explicit_unrecovered,2026-07-15,terminal_payload_unrecovered,human_documented_terminal_gap,analysis-results/malware/valleyrat/versions/unknown/cases/a0eb29beacb4463ed88b579625a1483245dff067697b85d93fd62992c5512489,analysis-results/malware/valleyrat/versions/unknown/cases/a0eb29beacb4463ed88b579625a1483245dff067697b85d93fd62992c5512489/FEATURES.md;analysis-results/malware/valleyrat/versions/unknown/cases/a0eb29beacb4463ed88b579625a1483245dff067697b85d93fd62992c5512489/STATIC-LOGIC.md
P1,valleyrat,abb8a45533292bf79cacd52c3a23f8e1530ec53d459cde3182a60f4e4cb2233f,unknown,explicit_unrecovered,2026-08-03,terminal_payload_unrecovered,human_documented_terminal_gap,analysis-results/malware/valleyrat/versions/unknown/cases/abb8a45533292bf79cacd52c3a23f8e1530ec53d459cde3182a60f4e4cb2233f,analysis-results/malware/valleyrat/versions/unknown/cases/abb8a45533292bf79cacd52c3a23f8e1530ec53d459cde3182a60f4e4cb2233f/FEATURES.md
P1,valleyrat,b3369a20d7c603b4d1078010b008a9db1b49dccf694a05e6bd49ede2762a8075,unknown,explicit_unrecovered,2026-07-10,terminal_payload_unrecovered,human_documented_terminal_gap,analysis-results/malware/valleyrat/versions/unknown/cases/b3369a20d7c603b4d1078010b008a9db1b49dccf694a05e6bd49ede2762a8075,analysis-results/malware/valleyrat/versions/unknown/cases/b3369a20d7c603b4d1078010b008a9db1b49dccf694a05e6bd49ede2762a8075/STATIC-LOGIC.md
P1,valleyrat,b856a8d469bae6f192b89f05c09a91b89682688a99a6c2bb8381d7d7cd28aab6,unknown,explicit_unrecovered,2026-07-30,protector_or_virtualization_boundary;static_recovery_incomplete;terminal_config_unrecovered;terminal_payload_unrecovered,human_documented_terminal_gap;virtualized_terminal_payload_not_recovered,analysis-results/malware/valleyrat/versions/unknown/cases/b856a8d469bae6f192b89f05c09a91b89682688a99a6c2bb8381d7d7cd28aab6,analysis-results/malware/valleyrat/versions/unknown/cases/b856a8d469bae6f192b89f05c09a91b89682688a99a6c2bb8381d7d7cd28aab6/FEATURES.md;analysis-results/malware/valleyrat/versions/unknown/cases/b856a8d469bae6f192b89f05c09a91b89682688a99a6c2bb8381d7d7cd28aab6/OVERALL-LOGIC.md;analysis-results/malware/valleyrat/versions/unknown/cases/b856a8d469bae6f192b89f05c09a91b89682688a99a6c2bb8381d7d7cd28aab6/README.md;analysis-results/malware/valleyrat/versions/unknown/cases/b856a8d469bae6f192b89f05c09a91b89682688a99a6c2bb8381d7d7cd28aab6/STATIC-LOGIC.md;analysis-results/malware/valleyrat/versions/unknown/cases/b856a8d469bae6f192b89f05c09a91b89682688a99a6c2bb8381d7d7cd28aab6/report.json
P1,valleyrat,bca78e472cdf94c16fd67cdf2894d7286c17b370007878b988b9a9f9705f99d5,unknown,explicit_unrecovered,,terminal_payload_unrecovered,human_documented_terminal_gap,analysis-results/malware/valleyrat/versions/unknown/cases/bca78e472cdf94c16fd67cdf2894d7286c17b370007878b988b9a9f9705f99d5,analysis-results/malware/valleyrat/versions/unknown/cases/bca78e472cdf94c16fd67cdf2894d7286c17b370007878b988b9a9f9705f99d5/README.md
P1,valleyrat,c33bf27dc5e7c57f95cc10e6480e54faea225df318ae994117d60a231149347b,unknown,explicit_unrecovered,2026-08-05,terminal_payload_unrecovered,human_documented_terminal_gap,analysis-results/malware/valleyrat/versions/unknown/cases/c33bf27dc5e7c57f95cc10e6480e54faea225df318ae994117d60a231149347b,analysis-results/malware/valleyrat/versions/unknown/cases/c33bf27dc5e7c57f95cc10e6480e54faea225df318ae994117d60a231149347b/FEATURES.md
P1,valleyrat,df603ed55cbf6f9d74068b956ab966a7b785eb102e1045f343d96255eb2cdc24,unknown,explicit_unrecovered,2026-07-15,terminal_payload_unrecovered,human_documented_terminal_gap,analysis-results/malware/valleyrat/versions/unknown/cases/df603ed55cbf6f9d74068b956ab966a7b785eb102e1045f343d96255eb2cdc24,analysis-results/malware/valleyrat/versions/unknown/cases/df603ed55cbf6f9d74068b956ab966a7b785eb102e1045f343d96255eb2cdc24/submission-analysis.json
P1,valleyrat,dfacebad09d75d41ee5f477754815ae7e4afd926638d7b72a6a25338cd2479da,unknown,explicit_unrecovered,,terminal_payload_unrecovered,human_documented_terminal_gap,analysis-results/malware/valleyrat/versions/unknown/cases/dfacebad09d75d41ee5f477754815ae7e4afd926638d7b72a6a25338cd2479da,analysis-results/malware/valleyrat/versions/unknown/cases/dfacebad09d75d41ee5f477754815ae7e4afd926638d7b72a6a25338cd2479da/FEATURES.md
P1,valleyrat,e18134f304e4b3964ebfae04b8c465fd4f8628ba66f19486d64980e936d6dca3,unknown,explicit_unrecovered,2026-08-03,terminal_payload_unrecovered,human_documented_terminal_gap,analysis-results/malware/valleyrat/versions/unknown/cases/e18134f304e4b3964ebfae04b8c465fd4f8628ba66f19486d64980e936d6dca3,analysis-results/malware/valleyrat/versions/unknown/cases/e18134f304e4b3964ebfae04b8c465fd4f8628ba66f19486d64980e936d6dca3/FEATURES.md
P1,valleyrat,ebe31ad40a9ce206268d9f355e42ca4979847bfd861b3d157c06ed1bd842219c,unknown,explicit_unrecovered,2026-08-02,terminal_payload_unrecovered,human_documented_terminal_gap,analysis-results/malware/valleyrat/versions/unknown/cases/ebe31ad40a9ce206268d9f355e42ca4979847bfd861b3d157c06ed1bd842219c,analysis-results/malware/valleyrat/versions/unknown/cases/ebe31ad40a9ce206268d9f355e42ca4979847bfd861b3d157c06ed1bd842219c/FEATURES.md
P1,valleyrat,edb371be39673ca248b4dcb168de0efd90e9d7a39d7cc096c83c435bd6fe260b,unknown,explicit_unrecovered,2026-07-10,terminal_payload_unrecovered,human_documented_terminal_gap,analysis-results/malware/valleyrat/versions/unknown/cases/edb371be39673ca248b4dcb168de0efd90e9d7a39d7cc096c83c435bd6fe260b,analysis-results/malware/valleyrat/versions/unknown/cases/edb371be39673ca248b4dcb168de0efd90e9d7a39d7cc096c83c435bd6fe260b/FEATURES.md;analysis-results/malware/valleyrat/versions/unknown/cases/edb371be39673ca248b4dcb168de0efd90e9d7a39d7cc096c83c435bd6fe260b/STATIC-LOGIC.md
P1,valleyrat,ee0ef34a4402dea54ec8b4e0557de9605a038a4f2b82380f2978296fd60f9791,unknown,explicit_unrecovered,2026-07-27,terminal_payload_unrecovered,human_documented_terminal_gap,analysis-results/malware/valleyrat/versions/unknown/cases/ee0ef34a4402dea54ec8b4e0557de9605a038a4f2b82380f2978296fd60f9791,analysis-results/malware/valleyrat/versions/unknown/cases/ee0ef34a4402dea54ec8b4e0557de9605a038a4f2b82380f2978296fd60f9791/FEATURES.md
P1,venomrat,165b528fb02e35b12a59a311102a8bef74ec2f0bf908864fd7fa7ed8f917261e,unknown,explicit_unrecovered,,terminal_payload_unrecovered,human_documented_terminal_gap,analysis-results/malware/venomrat/versions/unknown/cases/165b528fb02e35b12a59a311102a8bef74ec2f0bf908864fd7fa7ed8f917261e,analysis-results/malware/venomrat/versions/unknown/cases/165b528fb02e35b12a59a311102a8bef74ec2f0bf908864fd7fa7ed8f917261e/FEATURES.md
P1,venomrat,651859b30c796cf59166ca018a2b4f18c996af4e688d302466ae56a5712b72a7,unknown,explicit_unrecovered,,terminal_payload_unrecovered,human_documented_terminal_gap,analysis-results/malware/venomrat/versions/unknown/cases/651859b30c796cf59166ca018a2b4f18c996af4e688d302466ae56a5712b72a7,analysis-results/malware/venomrat/versions/unknown/cases/651859b30c796cf59166ca018a2b4f18c996af4e688d302466ae56a5712b72a7/FEATURES.md
P1,venomrat,7215cbe8e5dfed7b22c8bbe8c5f7f35a7848e545d1cdeb60a378baf0be32cb0e,unknown,explicit_unrecovered,,container_or_resource_boundary;protector_or_virtualization_boundary;terminal_payload_unrecovered,dotnet_reactor_control_flow;human_documented_terminal_gap;opaque_resource;smartassembly,analysis-results/malware/venomrat/versions/unknown/cases/7215cbe8e5dfed7b22c8bbe8c5f7f35a7848e545d1cdeb60a378baf0be32cb0e,analysis-framework/inventories/static-hard-cases.yaml;analysis-results/malware/venomrat/versions/unknown/cases/7215cbe8e5dfed7b22c8bbe8c5f7f35a7848e545d1cdeb60a378baf0be32cb0e/FEATURES.md
P1,venomrat,9100e92ceb94455d3159c4273b47a4d635f1d6b8add68e7c775e1849d3d1a9da,unknown,explicit_unrecovered,,terminal_payload_unrecovered,human_documented_terminal_gap,analysis-results/malware/venomrat/versions/unknown/cases/9100e92ceb94455d3159c4273b47a4d635f1d6b8add68e7c775e1849d3d1a9da,analysis-results/malware/venomrat/versions/unknown/cases/9100e92ceb94455d3159c4273b47a4d635f1d6b8add68e7c775e1849d3d1a9da/FEATURES.md
P1,venomrat,d6d876c7327482a6293fb5014393ace99e14aa7e0638bbda9fc602d35b8a72c9,unknown,explicit_unrecovered,,terminal_payload_unrecovered,human_documented_terminal_gap,analysis-results/malware/venomrat/versions/unknown/cases/d6d876c7327482a6293fb5014393ace99e14aa7e0638bbda9fc602d35b8a72c9,analysis-results/malware/venomrat/versions/unknown/cases/d6d876c7327482a6293fb5014393ace99e14aa7e0638bbda9fc602d35b8a72c9/FEATURES.md
P1,venomrat,e4ea373bf70b008d51db2d707171a01a40c45e7e01d2ed61eef21199fd30c8dd,unknown,explicit_unrecovered,,terminal_payload_unrecovered,human_documented_terminal_gap,analysis-results/malware/venomrat/versions/unknown/cases/e4ea373bf70b008d51db2d707171a01a40c45e7e01d2ed61eef21199fd30c8dd,analysis-results/malware/venomrat/versions/unknown/cases/e4ea373bf70b008d51db2d707171a01a40c45e7e01d2ed61eef21199fd30c8dd/FEATURES.md
P1,vidar,07c295310759ecd7a42fbf3cb96ca1c5b7f45c7e59ac9704b78431000fae5a87,unknown,explicit_unrecovered,,terminal_payload_unrecovered,human_documented_terminal_gap,analysis-results/malware/vidar/versions/unknown/cases/07c295310759ecd7a42fbf3cb96ca1c5b7f45c7e59ac9704b78431000fae5a87,analysis-results/malware/vidar/versions/unknown/cases/07c295310759ecd7a42fbf3cb96ca1c5b7f45c7e59ac9704b78431000fae5a87/FEATURES.md
P1,vidar,1105c195ea9bf21dcfc8882b1c3887d5056bece5b96170e0ad349cd82a3203a8,unknown,explicit_unrecovered,,terminal_payload_unrecovered,human_documented_terminal_gap,analysis-results/malware/vidar/versions/unknown/cases/1105c195ea9bf21dcfc8882b1c3887d5056bece5b96170e0ad349cd82a3203a8,analysis-results/malware/vidar/versions/unknown/cases/1105c195ea9bf21dcfc8882b1c3887d5056bece5b96170e0ad349cd82a3203a8/FEATURES.md
P1,vidar,3b328b13d6925bb86cfa46b58586530dd14e6f0f627ec92a1f14ef162d5712ec,unknown,explicit_unrecovered,,terminal_payload_unrecovered,human_documented_terminal_gap,analysis-results/malware/vidar/versions/unknown/cases/3b328b13d6925bb86cfa46b58586530dd14e6f0f627ec92a1f14ef162d5712ec,analysis-results/malware/vidar/versions/unknown/cases/3b328b13d6925bb86cfa46b58586530dd14e6f0f627ec92a1f14ef162d5712ec/FEATURES.md
P1,vidar,52ebf27411484098f4643ea8d0d4ca154d66e78de8121d0809ccb437d9f8eeed,unknown,explicit_unrecovered,,terminal_payload_unrecovered,human_documented_terminal_gap,analysis-results/malware/vidar/versions/unknown/cases/52ebf27411484098f4643ea8d0d4ca154d66e78de8121d0809ccb437d9f8eeed,analysis-results/malware/vidar/versions/unknown/cases/52ebf27411484098f4643ea8d0d4ca154d66e78de8121d0809ccb437d9f8eeed/FEATURES.md
P1,vidar,5536939f5e284524a0ee5f1fe401ac92237e4fb013b8c5adfc5b84d3b6d95017,unknown,explicit_unrecovered,,terminal_payload_unrecovered,human_documented_terminal_gap,analysis-results/malware/vidar/versions/unknown/cases/5536939f5e284524a0ee5f1fe401ac92237e4fb013b8c5adfc5b84d3b6d95017,analysis-results/malware/vidar/versions/unknown/cases/5536939f5e284524a0ee5f1fe401ac92237e4fb013b8c5adfc5b84d3b6d95017/FEATURES.md
P1,vidar,7ca92a98fd8560acf02d252b76b426e81e995587cd81fe5f5fe0944008e3cea8,unknown,explicit_unrecovered,2026-07-23,terminal_payload_unrecovered,human_documented_terminal_gap,analysis-results/malware/vidar/versions/unknown/cases/7ca92a98fd8560acf02d252b76b426e81e995587cd81fe5f5fe0944008e3cea8,analysis-results/malware/vidar/versions/unknown/cases/7ca92a98fd8560acf02d252b76b426e81e995587cd81fe5f5fe0944008e3cea8/FEATURES.md
P1,vidar,b59d2b3abdd4ddba0f35d200324f1fd55998b76f55e1692c66829b5d49808534,unknown,explicit_unrecovered,,terminal_payload_unrecovered,human_documented_terminal_gap,analysis-results/malware/vidar/versions/unknown/cases/b59d2b3abdd4ddba0f35d200324f1fd55998b76f55e1692c66829b5d49808534,analysis-results/malware/vidar/versions/unknown/cases/b59d2b3abdd4ddba0f35d200324f1fd55998b76f55e1692c66829b5d49808534/FEATURES.md
P1,vidar,c08d7b0a6a2c416b664182e5715c49ceb62efa0eea3181f684d308a7e1fa3bd1,unknown,explicit_unrecovered,,terminal_payload_unrecovered,human_documented_terminal_gap,analysis-results/malware/vidar/versions/unknown/cases/c08d7b0a6a2c416b664182e5715c49ceb62efa0eea3181f684d308a7e1fa3bd1,analysis-results/malware/vidar/versions/unknown/cases/c08d7b0a6a2c416b664182e5715c49ceb62efa0eea3181f684d308a7e1fa3bd1/FEATURES.md
P1,vidar,f11bc43f99f2d7518365b726f3ce69ccff1d4e2ad6d2e7b3888c004efcacc80a,unknown,explicit_unrecovered,2026-08-01,terminal_payload_unrecovered,human_documented_terminal_gap,analysis-results/malware/vidar/versions/unknown/cases/f11bc43f99f2d7518365b726f3ce69ccff1d4e2ad6d2e7b3888c004efcacc80a,analysis-results/malware/vidar/versions/unknown/cases/f11bc43f99f2d7518365b726f3ce69ccff1d4e2ad6d2e7b3888c004efcacc80a/FEATURES.md
P1,windows-script-stager,2624abf75eb9ebb06126954d914beaac6ea34f55f8307d6099f9f07efad27a13,2026-07-unicode-separator,explicit_unrecovered,2026-07-20,terminal_payload_unrecovered,human_documented_terminal_gap,analysis-results/malware/windows-script-stager/versions/2026-07-unicode-separator/cases/2624abf75eb9ebb06126954d914beaac6ea34f55f8307d6099f9f07efad27a13,analysis-results/malware/windows-script-stager/versions/2026-07-unicode-separator/cases/2624abf75eb9ebb06126954d914beaac6ea34f55f8307d6099f9f07efad27a13/README.md;analysis-results/malware/windows-script-stager/versions/2026-07-unicode-separator/cases/2624abf75eb9ebb06126954d914beaac6ea34f55f8307d6099f9f07efad27a13/config.json
P1,windows-script-stager,2f629fe23ca77f503da68de0825c9b8a957f795b0f0cd16eec5acbb555520109,2026-07-persistence-stager,explicit_unrecovered,2026-07-20,terminal_payload_unrecovered,human_documented_terminal_gap,analysis-results/malware/windows-script-stager/versions/2026-07-persistence-stager/cases/2f629fe23ca77f503da68de0825c9b8a957f795b0f0cd16eec5acbb555520109,analysis-results/malware/windows-script-stager/versions/2026-07-persistence-stager/cases/2f629fe23ca77f503da68de0825c9b8a957f795b0f0cd16eec5acbb555520109/config.json
P1,windows-script-stager,3dfe67edf7c21e9c73e8e0368d3afcbb6fd50ccf25cc93dab9c2775e03d97ab3,2026-07-javascript-unicode-separator,explicit_unrecovered,2026-07-20,terminal_payload_unrecovered,human_documented_terminal_gap,analysis-results/malware/windows-script-stager/versions/2026-07-javascript-unicode-separator/cases/3dfe67edf7c21e9c73e8e0368d3afcbb6fd50ccf25cc93dab9c2775e03d97ab3,analysis-results/malware/windows-script-stager/versions/2026-07-javascript-unicode-separator/cases/3dfe67edf7c21e9c73e8e0368d3afcbb6fd50ccf25cc93dab9c2775e03d97ab3/README.md;analysis-results/malware/windows-script-stager/versions/2026-07-javascript-unicode-separator/cases/3dfe67edf7c21e9c73e8e0368d3afcbb6fd50ccf25cc93dab9c2775e03d97ab3/config.json
P1,windows-script-stager,66be8e49609157729ebb8489935b76eb505cc1ad0b0a6db664bf5277ebf386c7,2026-07-xor-stager,explicit_unrecovered,2026-07-20,terminal_payload_unrecovered,human_documented_terminal_gap,analysis-results/malware/windows-script-stager/versions/2026-07-xor-stager/cases/66be8e49609157729ebb8489935b76eb505cc1ad0b0a6db664bf5277ebf386c7,analysis-results/malware/windows-script-stager/versions/2026-07-xor-stager/cases/66be8e49609157729ebb8489935b76eb505cc1ad0b0a6db664bf5277ebf386c7/config.json
P1,windows-script-stager,8aab978be727a120faf9ab28932c621808c141c6c4100651d7aecce70870a91d,2026-07-xor-stager,explicit_unrecovered,2026-07-20,terminal_payload_unrecovered,human_documented_terminal_gap,analysis-results/malware/windows-script-stager/versions/2026-07-xor-stager/cases/8aab978be727a120faf9ab28932c621808c141c6c4100651d7aecce70870a91d,analysis-results/malware/windows-script-stager/versions/2026-07-xor-stager/cases/8aab978be727a120faf9ab28932c621808c141c6c4100651d7aecce70870a91d/README.md
P1,windows-script-stager,bd20fcc313adbb44d82a033fbae527bc2b522b93ed80ba88ec0094644005df81,2026-07-base64-substring-stager,explicit_unrecovered,2026-07-20,terminal_payload_unrecovered,human_documented_terminal_gap,analysis-results/malware/windows-script-stager/versions/2026-07-base64-substring-stager/cases/bd20fcc313adbb44d82a033fbae527bc2b522b93ed80ba88ec0094644005df81,analysis-results/malware/windows-script-stager/versions/2026-07-base64-substring-stager/cases/bd20fcc313adbb44d82a033fbae527bc2b522b93ed80ba88ec0094644005df81/config.json
P1,windows-script-stager,d08cf8c8f95b4df31198be8583cdbcf5f8e5beda95487e4aaed26cd2529e255d,2026-07-javascript-unicode-separator,explicit_unrecovered,2026-07-20,terminal_payload_unrecovered,human_documented_terminal_gap,analysis-results/malware/windows-script-stager/versions/2026-07-javascript-unicode-separator/cases/d08cf8c8f95b4df31198be8583cdbcf5f8e5beda95487e4aaed26cd2529e255d,analysis-results/malware/windows-script-stager/versions/2026-07-javascript-unicode-separator/cases/d08cf8c8f95b4df31198be8583cdbcf5f8e5beda95487e4aaed26cd2529e255d/README.md;analysis-results/malware/windows-script-stager/versions/2026-07-javascript-unicode-separator/cases/d08cf8c8f95b4df31198be8583cdbcf5f8e5beda95487e4aaed26cd2529e255d/config.json
P1,windows-script-stager,eda99519f7e5ef015a4450927bc96f26f837f07e54eb692eaa4ad12ed2a837a1,2026-07-javascript-unicode-separator,explicit_unrecovered,2026-07-20,terminal_payload_unrecovered,human_documented_terminal_gap,analysis-results/malware/windows-script-stager/versions/2026-07-javascript-unicode-separator/cases/eda99519f7e5ef015a4450927bc96f26f837f07e54eb692eaa4ad12ed2a837a1,analysis-results/malware/windows-script-stager/versions/2026-07-javascript-unicode-separator/cases/eda99519f7e5ef015a4450927bc96f26f837f07e54eb692eaa4ad12ed2a837a1/README.md;analysis-results/malware/windows-script-stager/versions/2026-07-javascript-unicode-separator/cases/eda99519f7e5ef015a4450927bc96f26f837f07e54eb692eaa4ad12ed2a837a1/config.json
P1,windows-script-stager,fa7d1e33f54d3499b18c93e4c0d205db3f334fbd53e60694500494fc826def74,2026-07-xor-stager,explicit_unrecovered,2026-07-20,static_recovery_incomplete;terminal_payload_unrecovered,human_documented_terminal_gap,analysis-results/malware/windows-script-stager/versions/2026-07-xor-stager/cases/fa7d1e33f54d3499b18c93e4c0d205db3f334fbd53e60694500494fc826def74,analysis-results/malware/windows-script-stager/versions/2026-07-xor-stager/cases/fa7d1e33f54d3499b18c93e4c0d205db3f334fbd53e60694500494fc826def74/README.md;analysis-results/malware/windows-script-stager/versions/2026-07-xor-stager/cases/fa7d1e33f54d3499b18c93e4c0d205db3f334fbd53e60694500494fc826def74/STATIC-LOGIC.md;analysis-results/malware/windows-script-stager/versions/2026-07-xor-stager/cases/fa7d1e33f54d3499b18c93e4c0d205db3f334fbd53e60694500494fc826def74/config.json
P1,windows-script-stager,fe1b0a1cc8090e6394d778530d7536588247e9de6c9996e175ce509847ad0d96,2026-07-xor-stager,explicit_unrecovered,2026-07-20,terminal_payload_unrecovered,human_documented_terminal_gap,analysis-results/malware/windows-script-stager/versions/2026-07-xor-stager/cases/fe1b0a1cc8090e6394d778530d7536588247e9de6c9996e175ce509847ad0d96,analysis-results/malware/windows-script-stager/versions/2026-07-xor-stager/cases/fe1b0a1cc8090e6394d778530d7536588247e9de6c9996e175ce509847ad0d96/config.json
